"t","rx","ry","rz","theta","phi"
0,0.9999999999999998,0.,0.,1.5707963267948966,0.
"1/60",0.9945219564504861,0.10452573540044066,0.0005665069328736894,1.5702298198317213,0.10471703581054896
"1/30",0.97814951353531,0.20788999411617698,0.002262428371982539,1.5685338964928386,0.20941788991185376
"1/20",0.951066491851054,0.3089443325839153,0.005076954480506657,1.5657193505039917,0.31408707633692384
"1/15",0.913576970027938,0.4065662059177986,0.008992143470195002,1.5618040621382037,0.4187104943156863
"1/12",0.8661018898874013,0.4996716076315288,0.01398304207330714,1.556812829008023,0.5232761048165591
"1/10",0.809174373076572,0.5872270718113177,0.020017834911201626,1.550777154739068,0.6277743391402753
"7/60",0.7434338149657698,0.6682617001887385,0.027058084343352273,1.5437349396459543,0.7321988834315006
"2/15",0.6696181853090499,0.7418774434756661,0.035058900774790125,1.5357302400739952,0.8365469101226075
"3/20",0.5885562327898691,0.8072594217552339,0.04396927357601771,1.5268128732681656,0.9408193794389536
"1/6",0.5011583457415862,0.863685517056559,0.0537324478693067,1.517037989436512,1.0450213048990995
"11/60",0.4084057459605139,0.9105338041249411,0.06428619645853828,1.5064657683638212,1.1491618516787385
"1/5",0.31133967685531017,0.9472894920807673,0.0755632160920412,1.4951610168396248,1.2532543062224417
"13/60",0.2110499532335185,0.9735511603232982,0.08749161459380117,1.483192704394049,1.3573159698570398
"7/30",0.10866263597340736,0.9890361341068952,0.09999549562242144,1.4706334327021076,1.4613680090296826
"1/4",0.005326986331132932,0.993580645435231,0.11299502330372063,1.4575594603164739,1.5654349750860916
"4/15",-0.09779704787849436,0.9871453755129075,0.1264074605757361,1.444049781440166,1.6695446599642843
"17/60",-0.19955188773191113,0.96981269313665,0.14014722111954103,1.4301862250739095,1.773727356892211
"3/10",-0.29879561984723507,0.9417882715815766,0.1541268194118643,1.4160526748249278,1.8780155479592482
"19/60",-0.39441436882410374,0.9033968141814525,0.1682570934153681,1.401735039809079,1.9824430388021193
"1/3",-0.4853353382379276,0.8550797076609359,0.18244802535900162,1.3873206322092182,2.0870445363518133
"7/20",-0.5705384149665317,0.7973893527059266,0.19660915456145212,1.372897958510233,2.1918546581678036
"11/30",-0.6490678932864486,0.7309830790883435,0.21065021468130757,1.3585562752356983,2.2969074139811108
"23/60",-0.720043258225768,0.6566161297080798,0.22448175594785547,1.3443851401504487,2.4022351494501573
"2/5",-0.7826686407073927,0.5751323578692161,0.23801555240996636,1.3304741543559218,2.5078679611296417
"5/12",-0.8362426926565666,0.4874558878536367,0.25116545163911735,1.316912210983646,2.6138326367586493
"13/30",-0.8801649857736539,0.39457934210511036,0.2638475040471746,1.303787435744645,2.7201520433214714
"9/20",-0.913944749596968,0.2975541671550175,0.275981030486952,1.29118610357459,2.826844132959897
"7/15",-0.9372035613086015,0.197477315620569,0.2874884074432488,1.2791928199412173,2.933921410186011
"29/60",-0.9496852654218055,0.0954806471321827,0.29829698994304177,1.2678884124820193,3.041390115832913
"1/2",-0.9512479511138833,-0.007283882408370544,0.3083368268463375,1.2573521488854977,-3.133935617327642
"31/60",-0.9418810983618651,-0.10965537663209694,0.31754505173032976,1.2476569094004513,-3.025692733775345
"8/15",-0.9216893024473529,-0.21047761440535218,0.3258620670475543,1.2388729042395341,-2.917081759930332
"11/20",-0.8909042707770725,-0.30861268734676806,0.33323537211572,1.2310633189944609,-2.808125098621514
"17/30",-0.849875098427495,-0.40295302343728834,0.33961800386571206,1.224285594483374,-2.6988527239019717
"7/12",-0.7990641555653384,-0.4924330946100651,0.3449687044636511,1.2185908841813853,-2.5893013344901967
"3/5",-0.7390489037734751,-0.5760449826433387,0.34925437499569106,1.2140210752767993,-2.4795140329331433
"37/60",-0.6705037249896111,-0.6528427352648857,0.3524464639302884,1.2106122930239718,-2.3695394016324802
"19/30",-0.5942057059532211,-0.7219625738426795,0.3545258037903692,1.208389444957985,-2.259430361392656
"13/20",-0.5110141297377784,-0.7826225205969837,0.35547831439944805,1.2073705704257043,-2.1492432427103574
"2/3",-0.4218686134768395,-0.8341389770168778,0.3552982464133148,1.207563214452146,-2.039036045563645
"41/60",-0.32777557618418723,-0.8759313625711007,0.3539870080405102,1.208965605705224,-1.928867506028725
"7/10",-0.229795757361968,-0.9075253181022686,0.35155215900737724,1.211567746788887,-1.8187951937795024
"43/60",-0.12903604993640605,-0.9285677768660977,0.3480103581837888,1.2153483670977476,-1.7088745151757478
"11/15",-0.026632737325500866,-0.9388160357754685,0.34338281747650296,1.2202799654516003,-1.599157150820555
"3/4",0.07625788407377071,-0.9381579991369318,0.33770024373579693,1.2263237940525002,-1.4896899497951648
"23/30",0.1784744547371367,-0.9265991776467908,0.3309985796398964,1.2334347169926407,-1.380514252887247
"47/60",0.27886218077552755,-0.904265530908497,0.3233196184452053,1.2415608964916816,-1.2716644771560095
"4/5",0.3762884568680939,-0.8714132269373565,0.31471383766995814,1.2506411694566517,-1.1631683210909456
"49/60",0.4696508095638838,-0.8284066243005898,0.3052347431876447,1.260611400035033,-1.0550459665260834
"5/6",0.5578944053733554,-0.7757310119177883,0.2949432429693558,1.2714002080969835,-0.9473099776612864
"17/20",0.6400224565102879,-0.7139808436298664,0.28390554558651554,1.2829315131440477,-0.839965951599027
"13/15",0.71510166631508,-0.6438463930929302,0.27219059202253,1.2951274791221254,-0.7330119970502743
"53/60",0.7822850971995446,-0.5661210300195251,0.25987443080499034,1.3079041631123722,-0.6264398722003184
"9/10",0.8408085961186416,-0.48167776478135926,0.24703496015001908,1.321177146738392,-0.5202354078011194
"11/12",0.890005243823383,-0.39146623326229546,0.2337536047295628,1.3348598661090494,-0.4143787748250839
"14/15",0.9293187765791554,-0.29650430757006285,0.22011612084463061,1.3488628174268706,-0.3088459824378088
"19/20",0.9582938885839247,-0.1978590349031972,0.20620819985873218,1.3630980431739737,-0.20360899861526352
"29/30",0.9765997923642107,-0.09664236046922178,0.19211919896181207,1.3774752092242526,-0.09863686143241064
"59/60",0.9840230055344654,0.006005774511791864,0.17793908363216593,1.391904612668034,0.00610321090844754
1,0.9804662285702005,0.10892922884996725,0.16375731136482352,1.4062981412257878,0.11064567214517526
"61/60",0.9659662511196667,0.2109686049334304,0.14966536397094898,1.4205665107629164,0.21502521546819403
"31/30",0.9406726824328402,0.3109735397104773,0.13575237624877456,1.4346234975356649,0.31927622681995754
"21/20",0.9048599783013044,0.407816550327334,0.12210701138917918,1.4483838228037031,0.4234323651987667
"16/15",0.8589244044362532,0.5004072349508019,0.10881686885537356,1.4617635533991524,0.5275252781214346
"13/12",0.8033658392762248,0.5876978620008604,0.09596561610839005,1.4746827992681837,0.6315845843261958
"11/10",0.73880293306187,0.6687061729625475,0.08363593894702726,1.4870625744920398,0.7356372818102549
"67/60",0.6659526189509131,0.7425198054706408,0.07190678860969935,1.498827426849259,0.8397065719626413
"17/15",0.5856163785897752,0.8082983672175009,0.060851749867551375,1.5099069591932688,0.943812530076232
"23/20",0.4986895684888852,0.8653014429656127,0.05054190408335352,1.5202328798569873,1.0479714298664546
"7/6",0.4061401518617991,0.9128877872644982,0.04104348451548129,1.5297413101144086,1.1521949636899833
"71/60",0.30899292015119334,0.9505099763532805,0.032416062943563195,1.5383745840258596,1.2564909902411134
"6/5",0.20832974364799822,0.9777423388117665,0.024714931312554755,1.5460788786958422,1.360863487852005
"73/60",0.10527168098071071,0.9942796286214357,0.017989791547038225,1.5528055647593466,1.4653119769430432
"37/30",0.0009638927335645087,0.9999228712609378,0.012282738894229761,1.5585132790390828,1.5698323600103494
"5/4",-0.10343243066890151,0.9946032925857549,0.007630189343874605,1.5631660634110793,1.6744175086840747
"19/15",-0.20675638718794032,0.9783824375531793,0.004062477532499886,1.5667338380879792,1.7790569424127933
"77/60",-0.3078578280114665,0.9514301740833938,0.0016017511755861968,1.569194574934399,1.8837376899763105
"13/10",-0.40561117599242413,0.9140415090000807,0.00026351479292846536,1.5705328119989184,1.9884454146263675
"79/60",-0.4989327345115785,0.8666384273974665,0.00005703139673818303,1.5707392953981274,2.0931643088118133
"4/3",-0.5867834920039311,0.8097427218914512,0.0009831792371575165,1.569813147399342,2.1978778430191728
"27/20",-0.6681849455581405,0.7439841296009173,0.0030356749630219837,1.5677606471694012,2.302570234860825
"41/30",-0.7422395515290965,0.6701023673886466,0.006202227170444885,1.5645940598596084,2.4072264329479642
"83/60",-0.8081244676866767,0.5889185350515009,0.010462359344120042,1.5603337765713858,2.511832584191088
"7/5",-0.8651053625681331,0.5013348828150597,0.01578833460366935,1.5550073361873058,2.616377607316991
"17/12",-0.9125607028128652,0.40833429411286243,0.022147059266150237,1.548647456635585,2.720853107785809
"43/30",-0.9499670276609767,0.31095415005697413,0.029497864665753937,1.5412941826531805,2.8252534227983723
"29/20",-0.976907344424656,0.21027978640068418,0.03779309912051276,1.5329942251240805,2.9295770814228823
"22/15",-0.9930979326843293,0.10743855239128597,0.04698079223677887,1.5237982347427472,3.033826528414366
"89/60",-0.9983676020105645,0.0035791068570833195,0.05700242881731321,1.5137629833077901,3.138007710010712
"3/2",-0.992658588352761,-0.10013813327122267,0.06779311774308427,1.502951172885507,-3.04105405173687
"91/60",-0.97605271914089,-0.20255409391035428,0.07928498071433021,1.4914280445649117,-2.9369733226012213
"23/15",-0.9487482818876646,-0.3025251461906557,0.09140505276679922,1.4792635133374308,-2.8329172037942736
"31/20",-0.9110528699638731,-0.3989317758965506,0.1040748703843517,1.4665326521594246,-2.7288633561596445
"47/30",-0.8634051108584263,-0.4906986244812894,0.1172144880451585,1.4533117593302578,-2.6247858552923904
"19/12",-0.8063525407441983,-0.5768028738833489,0.1307407372696459,1.4396802334607042,-2.520656361627283
"8/5",-0.7405375302163013,-0.6562782946498126,0.1445660384677963,1.4257219369840826,-2.416443848860313
"97/60",-0.6667114657165678,-0.7282399687431245,0.15860287578126187,1.4115208702607367,-2.312115071737938
"49/30",-0.5857155247971129,-0.7918893759172638,0.17276271832703838,1.397162449432648,-2.207636011309537
"33/20",-0.49846241893797494,-0.8465109300371707,0.1869538691986986,1.3827359026793173,-2.102972093715728
"5/3",-0.405941466377251,-0.8914977852684355,0.20108614480509468,1.3683297384288067,-1.9980884938854209
"101/60",-0.3092022077631014,-0.9263563890385145,0.2150707988047908,1.3540320022249852,-1.8929517141970382
"17/10",-0.20933576007854826,-0.9506941480727463,0.2288172735163166,1.339933777880669,-1.7875302764812622
"103/60",-0.10747117291351832,-0.9642423504946996,0.2422377602154937,1.3261246839197955,-1.6817948095506143
"26/15",-0.004760145711605879,-0.9668621064787599,0.25524844262479157,1.3126916781986233,-1.5757195802973027
"7/4",0.09763799982611926,-0.9585236723453117,0.2677651120861119,1.2997236350804762,-1.469283562282816
"53/30",0.19856644516993865,-0.9393231458746364,0.2797072479444308,1.2873071540886816,-1.362470234224566
"107/60",0.29688760290253235,-0.9094900702626463,0.291000801796774,1.2755235823278575,-1.2552688440727795
"9/5",0.39149124681047787,-0.8693607341062906,0.30157277150798906,1.2644545318609661,-1.147675630720268
"109/60",0.481307594865938,-0.8193867065999804,0.31135444701630516,1.2541783336803989,-1.0396931937053497
"11/6",0.5653276732207941,-0.7601425659165668,0.3202857921023905,1.244765170326365,-0.9313312543175086
"37/20",0.6426028066575442,-0.6922967209605988,0.32830922940350316,1.2362832989312873,-0.8226076886155835
"28/15",0.7122566780118058,-0.6166116678137066,0.33537174940100983,1.228796521936237,-0.7135472813060193
"113/60",0.7735100840875562,-0.5339490176292827,0.3414307311740112,1.2223576441658501,-0.6041818158615458
"19/10",0.8256720352535372,-0.44524169109795775,0.3464473509972664,1.2170150764924184,-0.4945505729293451
"23/12",0.8681472465472867,-0.3514875503379703,0.3503873456599944,1.2128116915543394,-0.3846983566586714
"29/15",0.9004639786927205,-0.25374870578638387,0.3532278769521623,1.20977716873313,-0.274674958944681
"39/20",0.9222589471453667,-0.1531281461107576,0.35495112115427613,1.2079345433217035,-0.1645349504385821
"59/30",0.9332777949885076,-0.05075977029369605,0.3555435792681821,1.2073007439405106,-0.05433516993613028
"119/60",0.9334028901442333,0.05219999356719328,0.3550034098486126,1.2078786121030112,0.05586620402813955
2,0.9226354549754227,0.15458975578892298,0.3533348299577026,1.2096628437217285,0.16601031744045977
"121/60",0.901087992462171,0.25525298606514335,0.3505459342630447,1.212642363345888,0.2760402309050974
"61/30",0.8690082749844521,0.3530540451484483,0.3466559187599957,1.2167927301241628,0.3859018641193035
"41/20",0.82676185517061,0.4468906917514713,0.3416908052777977,1.2220809282825997,0.49554455173440876
"31/15",0.774817179916552,0.5356999081046334,0.33567985811323003,1.228469453390829,0.6049232146421574
"25/12",0.7137625191825971,0.6184795157458394,0.328662192808183,1.2359095984901811,0.713998948288265
"21/10",0.6442906430538567,0.6942978915289799,0.320684135296951,1.244344645983865,0.822738991214959
"127/60",0.5671790514947308,0.7622926376670729,0.31179445875342693,1.2537152715102278,0.9311181470624805
"32/15",0.4832980075254453,0.8216942920581423,0.3020499881563062,1.2639539729728229,1.0391188930200719
"43/20",0.39359728965489893,0.8718359037400776,0.29151467880669146,1.274986416271473,1.1467305920214694
"13/6",0.29908516521043493,0.9121428245100206,0.2802540068462963,1.2867376169082843,1.2539501185124733
"131/60",0.20082758381344523,0.9421545079052015,0.2683393253719587,1.2991276098748918,1.3607816368365615
"11/5",0.09993525606230819,0.9615357979933619,0.25584853087254933,1.3120709804402093,1.467235195639556
"133/60",-0.0024546216547438604,0.9700579911808553,0.24286001303119548,1.3254832781934702,1.573326707904291
"67/30",-0.10518608882081626,0.9676151811860145,0.2294556702675279,1.3392779318788521,1.6790776685516997
"9/4",-0.20709959500372654,0.9542374860489942,0.2157228586906057,1.3533642683427105,1.7845134190721499
"34/15",-0.30704409788833853,0.9300653853881578,0.20174833076428839,1.3676536973564204,1.8896626790567184
"137/60",-0.4038883813598868,0.8953583471926085,0.18761995698609846,1.382057816311776,1.9945574272756184
"23/10",-0.49654072899817536,0.8505083689346147,0.1734295431999433,1.3964854045081778,2.0992311177494503
"139/60",-0.5839528719263557,0.7960109531498485,0.15926716168572252,1.4108480319254613,2.2037179267390044
"7/3",-0.6651309710833245,0.7324655005287161,0.14522173477550515,1.4250592474333232,2.3080529097430467
"47/20",-0.7391605807730683,0.6605861799858944,0.13138427265705532,1.4390310986942882,2.412270365165696
"71/30",-0.8052024731338204,0.5811733596696653,0.1178429314426408,1.4526789300894132,2.516402942234558
"143/60",-0.862499605562623,0.4951070427246268,0.10468268381150259,1.4659215003771697,2.6204820839816323
"12/5",-0.9104060345250056,0.4033517974899544,0.09198856511671483,1.4786775322245966,2.724536661282255
"29/12",-0.9483766904485474,0.30693180631435085,0.07984170025732729,1.4908695544962398,2.8285921074969247
"73/30",-0.9759674981215142,0.20692005596721852,0.06831829550283458,1.5024247746773276,2.9326710509304545
"49/20",-0.9928651405873812,0.10443512353069857,0.057492600663300364,1.5132720062624574,3.036792415455748
"37/15",-0.9988740126501509,0.0006213063955946632,0.04743401716489054,1.5233445039503357,3.1409706469026637
"149/60",-0.9939080507865524,-0.10336280946990554,0.038205617609711195,1.532581408480721,-3.0379688045855975
"5/2",-0.9780174988802572,-0.2063558980952228,0.029866697879610937,1.5409251868517782,-2.93364856148299
"151/60",-0.9513760812311065,-0.3072093593617362,0.02247093548178014,1.5483234997932425,-2.8292517633592267
"38/15",-0.9142648790956787,-0.40479541323190715,0.016064618124046748,1.5547310176193578,-2.724779920406766
"51/20",-0.8670926118838501,-0.49802514796693537,0.010688775313671017,1.5601073479388108,-2.620237892118396
"77/30",-0.8103847716314375,-0.5858617807843992,0.006378285493630342,1.5644179980530137,-2.5156342556491884
"31/12",-0.7447616643708597,-0.6673219859931887,0.0031599440873336104,1.5676363774487359,-2.4109803272516594
"13/5",-0.6709500131223621,-0.7414970855605396,0.00105422566767166,1.5697421009319485,-2.3062892610340886
"157/60",-0.5897739518179929,-0.8075667255304438,0.00007523593529612516,1.5707210908595295,-2.201576201634957
"79/30",-0.5021307000000825,-0.8647913455793381,0.00022868667722580893,1.5705676401156774,-2.096857375159617
"53/20",-0.40899312985012193,-0.9125324785200971,0.001513350315105022,1.5692829759021378,-1.9921487800146844
"8/3",-0.31140083432434185,-0.9502687082790945,0.00392179503715645,1.5668745217044913,-1.8874662311030714
"161/60",-0.21043746256501739,-0.9775790417274817,0.0074382785767177495,1.5633579796256394,-1.7828246991369552
"27/10",-0.1072257928694137,-0.9941585709666654,0.01203992762530437,1.5587561082662507,-1.6782368222807098
"163/60",-0.002916197678750232,-0.9998369484023546,0.017698249491060192,1.5530971532422628,-1.5737129917712254
"41/15",0.10133075330861618,-0.9945543497501165,0.024376928623103644,1.5464169832567043,-1.469261107539909
"11/4",0.20435366576209751,-0.9783698844663662,0.032032710358603056,1.5387581358071143,-1.3648851339214503
"83/30",0.30500686017089074,-0.9514809102246833,0.04061771549746457,1.5301674344878757,-1.2605853492373669
"167/60",0.402170247361441,-0.9141947769713953,0.05007714034149496,1.5206982328916268,-1.156358603589462
"14/5",0.4947593165551517,-0.8669290365011779,0.06034976664270181,1.5104098667247203,-1.052197078968996
"169/60",0.581747627149846,-0.8102284414187295,0.07137108481809229,1.4993645106140252,-0.9480887625429083
"17/6",0.6621689170755708,-0.7447362914001686,0.08307097348321085,1.487629512883315,-0.8440181589912958
"57/20",0.7351238849623055,-0.6711872706137467,0.09537370316716715,1.4752774397519324,-0.7399653893411033
"43/15",0.7998074791150414,-0.5904185906639554,0.10820179850265221,1.462382277059022,-0.6359068108983917
"173/60",0.8555050440798672,-0.5033442440141938,0.1214738953562452,1.4490216872158268,-0.5318160989716936
"29/10",0.9015927223007839,-0.4109427584991134,0.13510404537339366,1.4352778569305806,-0.4276637849181023
"35/12",0.9375666132793931,-0.3142600570559214,0.14900617735348942,1.4212331729815462,-0.32341784570490656
"44/15",0.9630359293162897,-0.21438815451230375,0.16309241907796268,1.4069720942974553,-0.21904509960354393
"59/20",0.9777151550494615,-0.11245128754729651,0.17727149831264155,1.3925829828639509,-0.11451120408374388
"89/30",0.9814512433367453,-0.009599980317847492,0.19145357853329276,1.3781534194928575,-0.009781101443266906
"179/60",0.9742166809575133,0.09300637211276211,0.20554939126003807,1.3637712740764463,0.09517939110225737
3,0.9560932933755966,0.1942110002018445,0.21946756208262286,1.3495276330769774,0.20040312418361883
"181/60",0.9272938313447476,0.29287298440013454,0.23311951537168296,1.3355119718349553,0.3059213839541911
"91/30",0.8881566472920923,0.3878828684106266,0.24641977050803676,1.3218119617411102,0.4117622767516024
"61/20",0.8391228735422911,0.47816813403336067,0.25928209871688757,1.308517519807085,0.5179498755726217
"46/15",0.7807498908771262,0.5627106004197266,0.27162413705388055,1.2957161117593088,0.6245042724819099
"37/12",0.7137075234637668,0.6405627951861776,0.2833691404247517,1.283490891057664,0.7314401556461594
"31/10",0.638751801551885,0.7108449628638771,0.2944409931841624,1.2719257981597123,0.838765737636179
"187/60",0.5567295472455406,0.7727626894351016,0.3047681587609419,1.2611013286419157,0.9464832188310215
"47/15",0.46857430215397533,0.8256258974249902,0.31428704565552756,1.2510907756985297,1.0545878078466704
"63/20",0.37528061759614134,0.8688367423412062,0.3229360457064774,1.2419662122663173,1.163066735947878
"19/6",0.27790088715095523,0.9019036147384871,0.33065847845748353,1.2337951116840933,1.2719003139881153
"191/60",0.17753827498888824,0.9244630160262204,0.33740753528665013,1.2266347539178544,1.3810616096834956
"16/5",0.0753252245385504,0.936259661603956,0.34313967624392705,1.2205388356466094,1.490515892146917
"193/60",-0.027584745493086094,0.9371539761878145,0.34781630557105453,1.2155553506569272,1.600222423148032
"97/30",-0.13002962371913335,0.9271451525672814,0.3514100286475613,1.2117195638387943,1.7101348266151866
"13/4",-0.23085372761222067,0.9063463948224131,0.3538978896053415,1.2090608923087032,1.8202011685907948
"49/15",-0.32891729194305336,0.8749845732117812,0.35526162563593966,1.2076023911170395,1.930366410056794
"197/60",-0.4231156443400374,0.8334211985879498,0.3554947425301326,1.2073529942434842,2.040573211800612
"33/10",-0.5123868874402194,0.7821265344444708,0.3545961986724103,1.2083141589619746,2.150762564064115
"199/60",-0.5957189820240303,0.7216717476697792,0.3525691765386535,1.2104811630328598,2.260876463037638
"10/3",-0.672174571608597,0.6527441777533296,0.3494283718225903,1.2138353787355594,2.3708587864473127
"67/20",-0.7408930376874461,0.5761235288062347,0.34519472611451774,1.2183500699483476,2.48065597151446
"101/30",-0.8010916916197411,0.49266840847070253,0.3398927391129003,1.2239934826226089,2.5902193896828107
"203/60",-0.8520934493997981,0.4033233353140737,0.3335574145749963,1.2307217333034919,2.6995059060857347
"17/5",-0.8933260091883855,0.30909847227017057,0.32623047145548517,1.238483204207307,2.808478072434673
"41/12",-0.9243149313831518,0.21105381350353342,0.31795635456209403,1.2472231254021486,2.9171058124664726
"103/30",-0.9447103535686366,0.11029716295143877,0.3087883805276884,1.256877430876044,3.025366485288827
"69/20",-0.9542860338382985,0.00796687014180085,0.29878663671016403,1.2673753691656953,3.133244333718967
"52/15",-0.9529238019037244,-0.09478236904826698,0.2880129701796294,1.2786450912022431,-3.0424539366908236
"209/60",-0.940635537186082,-0.1967893399242765,0.27653601359883706,1.2906086478164687,-2.9353582517019583
"7/2",-0.9175636904274928,-0.29690261441649335,0.26443075508008484,1.3031827075290425,-2.8286482405140414
"211/60",-0.8839584653913091,-0.3939893545719888,0.25177287520639763,1.3162846199619507,-2.72231180221407
"53/15",-0.8401922746091117,-0.4869500460346946,0.2386424857151564,1.3298286196134388,-2.6163308498148754
"71/20",-0.7867615915321073,-0.5747363876952668,0.2251251561908923,1.3437248389082812,-2.5106829561411224
"107/30",-0.7242598133679513,-0.6563519960979551,0.2113060141581068,1.3578853742914465,-2.405341637998291
"43/12",-0.6533830598437853,-0.7308681748444525,0.19727217734389002,1.3722216912968115,-2.300276651041219
"18/5",-0.5749314967481214,-0.7974452576477352,0.18311488202836368,1.3866423488722954,-2.1954557622418394
"217/60",-0.48978171325001846,-0.8553242595426872,0.16892375702115836,1.4010586951212667,-2.0908453600533567
"109/30",-0.39888460807257653,-0.9038397462313779,0.15478805445409055,1.415383408197418,-1.9864104607289608
"73/20",-0.30326332851756005,-0.9424448697554662,0.14079945560217622,1.42952745855408,-1.8821163817756754
"11/3",-0.20398889164282308,-0.9706950160983967,0.12704687913196316,1.4434051657298128,-1.7779295507649775
"221/60",-0.10217255498262323,-0.9882546450287419,0.11361670276547553,1.4569337513755236,-1.6738171797241594
"37/10",0.0010423052202056526,-0.9949242185530096,0.10059582657086386,1.4700300593413138,-1.5697487044539638
"223/60",0.10449875058446356,-0.9906186334687654,0.08806729162223198,1.48261479659503,-1.4656966436244911
"56/15",0.20703593046766267,-0.9753663125020471,0.07610972800083793,1.4946129265709622,-1.361635987413577
"15/4",0.307504556899558,-0.9493345785518847,0.06480032193351942,1.5059505686453254,-1.2575452785005126
"113/30",0.40477898481169333,-0.9128065766278636,0.05421142410574342,1.5165583140459404,-1.1534073773173477
"227/60",0.49776496923943303,-0.8661724482358868,0.04440943844069972,1.5263722780147007,-1.049208655467991
"19/5",0.5854217353931626,-0.80994941258852,0.03545748666304649,1.5353314062027805,-0.9449395410776059
"229/60",0.6667689335259382,-0.7447602892879588,0.027413049934696954,1.5433798423269531,-0.8405951319408048
"23/6",0.740888898226014,-0.6713182962249101,0.02032648152852956,1.550468445304723,-0.7361742227289498
"77/20",0.806952636188492,-0.5904390247385698,0.014243305585686705,1.5565525395711741,-0.6316792348987377
"58/15",0.8642242899013508,-0.5030219995141253,0.009202829471573415,1.5615933674172588,-0.5271166180866584
"233/60",0.9120553184691756,-0.41003215361169676,0.005236423554602299,1.5655598793094285,-0.42249577320270076
"39/10",0.9499105980825664,-0.31250257681067634,0.0023694763850388156,1.5684268481926469,-0.3178283896878336
"47/12",0.977373075188155,-0.21151859168833215,0.0006208837378917087,1.5701754430171133,-0.21312863619706401
"59/15",0.9941289416464785,-0.10819984038411087,1.1795440842399252e-6,1.5707951472508124,-0.10841210410256599
"79/20",0.9999899129139221,-0.0036946639181358043,0.0005142012432317045,1.5702821255290054,-0.003694684375145986
"119/30",0.9948996672074414,0.1008353499174737,0.0021573869108319488,1.5686389382105335,0.10100736381497001
"239/60",0.9789114378913281,0.20422885731207713,0.004919821487606779,1.565876485459986,0.2056782927398692
4,0.9522046618419729,0.3053367001446551,0.008783780725681478,1.5620124331134801,0.3103041454384883
"241/60",0.9150821102303124,0.4030357310508384,0.013724776708054831,1.5570711191621016,0.4148726710044447
"121/30",0.8679618697827095,0.49624093133078107,0.01971131784522967,1.5510837323001767,0.51937426327572
"81/20",0.8113743491966442,0.5839177246029129,0.026705255175794584,1.5440878963659228,0.6238023938656336
"61/15",0.7459561468466183,0.6650934951130356,0.03466200921157181,1.5361273730213578,0.7281540353245112
"49/12",0.6724429933069528,0.7388685773990691,0.04353086847538379,1.5272516985443594,0.8324300169962953
"41/10",0.5916615765429776,0.8044262127669788,0.05325529867447509,1.517515822808398,0.936635068879765
"247/60",0.5045201959589424,0.8610421449050101,0.06377335244389681,1.5069796669098419,1.0407782100690728
"62/15",0.41199825226946557,0.9080920061744744,0.0750179713988911,1.4957078135482749,1.1448725644478028
"83/20",0.315135637728258,0.9450587070296265,0.08691746652829202,1.4837690480907086,1.2489352417014894
"25/6",0.21502107203165283,0.9715387118396662,0.09939603929340995,1.4712358905053269,1.3529871877179953
"251/60",0.11277952394640756,0.9872457503206359,0.11237415557013258,1.4581843078341437,1.4570528749085414
"21/5",0.009559781340641671,0.9920140609805312,0.12576905196753563,1.4446933261724986,1.5611598853325015
"253/60",-0.09347836688828143,0.9858007622145999,0.13949533492840638,1.4308445784426054,1.6653384437662133
"127/30",-0.1951775099227872,0.968687117784776,0.1534656752916565,1.4167217795766915,1.7696209360253057
"17/4",-0.2943950767684112,0.9408746788915376,0.16759086282342905,1.4024108671988458,1.8740411034531035
"64/15",-0.3900169323298487,0.9026866140472749,0.1817810072978716,1.387998994311672,1.9786336386911254
"257/60",-0.48096894929727374,0.8545610803041459,0.19594554761807165,1.3735747297383536,2.0834331785445213
"43/10",-0.5662301263670185,0.7970485857923519,0.20999430464152474,1.359227192286713,2.188473787270527
"259/60",-0.6448430432461021,0.730804121903565,0.2238376662707139,1.3450460483540003,2.293787895202439
"13/3",-0.7159255053769801,0.6565808513573268,0.23738744812180318,1.3311207924356914,2.3994057385630447
"87/20",-0.7786798340354839,0.5752211382576693,0.25055727556913043,1.317540477116288,2.5053542619773372
"131/30",-0.8324021027383345,0.4876471054442375,0.26326319629670253,1.30439315930152,2.6116565534318945
"263/60",-0.8764902234621017,0.394850625948134,0.2754242780602782,1.2917653041035284,2.7183308007083595
"22/5",-0.9104500347387433,0.2978815381335074,0.28696292965964937,1.2797414138673628,2.825389792442051
"53/12",-0.9339021050753692,0.1978366497784581,0.2978057298488652,1.2684030635597756,2.9328400310456666
"133/30",-0.9465841591221754,0.09584656374572299,0.3078834150094842,1.2578287468874203,3.040681388703503
"89/20",-0.9483563757534687,-0.006936241633880742,0.3171319231210664,1.2480925555461908,-3.1342788229110665
"67/15",-0.9391998213329934,-0.10935089736782791,0.32549198954720615,1.2392643213828862,-3.0256846664828574
"269/60",-0.9192225578904891,-0.21024132271370555,0.33291108865431346,1.2314072400178167,-2.916743665934248
"9/2",-0.8886474812224089,-0.3084677768528057,0.3393407880841598,1.2245803125429806,-2.8074853710160026
"271/60",-0.8478250686424351,-0.40292284177101795,0.3447413098852955,1.2188331396905148,-2.697946153674951
"68/15",-0.7972137656930813,-0.49253925822037603,0.3490772672722526,1.2142100786957057,-2.588168932218325
"91/20",-0.73738710181051,-0.5763066665642373,0.3523215620789677,1.210745755777709,-2.4782018971066138
"137/30",-0.6690207223929758,-0.653279979126391,0.3544535442866218,1.2084667228965693,-2.368097985206312
"55/12",-0.5928848862937522,-0.7225892624183614,0.35545903228827863,1.2073911998840292,-2.257913202731755
"23/5",-0.5098412782412349,-0.7834550875297234,0.35533264257837444,1.2075264171314577,-2.1477056732914734
"277/60",-0.4208244872751455,-0.8351870232130787,0.3540739249357618,1.208872669706822,-2.037533996670267
"139/30",-0.32684113148707866,-0.8772046780551239,0.35169208985948885,1.211418270695188,-1.9274558920793448
"93/20",-0.228950556529946,-0.9090309181891872,0.34820148592756134,1.2151444877629198,-1.8175269099629683
"14/3",-0.12825788064066485,-0.9303071373652144,0.343624686014758,1.2200224259709425,-1.7077988456855575
"281/60",-0.02589968918081259,-0.9407933669263582,0.33799110730087645,1.2260147597375468,-1.5983190008592776
"47/10",0.07696878330588819,-0.9403675449404625,0.33133588708278666,1.2330772377350925,-1.4891286953097091
"283/60",0.1791861638804204,-0.9290372353470762,0.32370253743807825,1.2411562155265785,-1.3802629852700419
"71/15",0.279597388191324,-0.9069240595646639,0.31513840781989816,1.2501938373383306,-1.2717497048483997
"19/4",0.3770690121342982,-0.8742800832380199,0.3056992389942741,1.2601235881130681,-1.1636093507036904
"143/30",0.47049927175595885,-0.8314706961380103,0.2954449185132889,1.2708751338239532,-1.0558551546018764
"287/60",0.5588300846141898,-0.7789738460662605,0.2844399566165293,1.2823741226190215,-0.9484925901490543
"24/5",0.6410649481310433,-0.7173843727060241,0.27275590828650853,1.2945399320395832,-0.8415204482226379
"289/60",0.7162695475727279,-0.6473906205151735,0.26046600583874496,1.307291489275841,-0.7349307218861632
"29/6",0.7835925042347442,-0.5697811862233567,0.24764903719087628,1.3205433773555553,-0.6287092469788601
"97/20",0.8422714869927977,-0.48543040789891,0.23438723564462566,1.3342081297124486,-0.5228368734878884
"73/15",0.8916342726548284,-0.3952840557651801,0.22076387269108783,1.3481987293568634,-0.4172894210502861
"293/60",0.9311228276286883,-0.30035913742720716,0.2068670038740375,1.3624247214280938,-0.312039140049613
"49/10",0.9602824707021231,-0.20172268558968684,0.19278466760909152,1.3767970635802707,-0.20705539384733107
"59/12",0.9787748137273935,-0.10048444422899684,0.17860627036339755,1.3912265643509347,-0.10230507593151905
"74/15",0.9863878539376555,0.00221529927184623,0.16442313046360646,1.4056231731472832,0.0022458666116035694
"99/20",0.9830207792376323,0.10522081236743755,0.15032459102205392,1.4198997403643108,0.10663223995695367
"149/30",0.968705177410115,0.20737229963591036,0.13640112230230322,1.4339686603699284,0.21088864205944077
"299/60",0.9435927849213654,0.307519724411128,0.12274160293179887,1.4477444215798856,0.3150484196016494
5,0.9079508179776022,0.40453368270577444,0.10943232335577574,1.4611444013617227,0.41914365061823566
"301/60",0.8621750219022369,0.4973232650323156,0.09655902331076549,1.4740866234158363,0.5232040013395414
"151/30",0.806765513825029,0.5848411199529444,0.08420318338787935,1.486493322023563,0.6272562920070411
"101/20",0.7423340345987031,0.6661003838116384,0.07244354725410429,1.4982892646560242,0.7313244105490085
"76/15",0.6695966000565519,0.7401872048386002,0.06135558323302959,1.509402182609568,0.8354283157034377
"61/12",0.5893544145987938,0.8062604128236891,0.051009106136235605,1.519765074373828,0.9395842630504445
"51/10",0.5025013287991209,0.8635779387441513,0.041470701359465456,1.5293137292092363,1.0438046693176177
"307/60",0.4100028810590814,0.9114946030304302,0.032801465370591865,1.5379889765276074,1.1480972281602455
"77/15",0.3128825721587226,0.9494598446345612,0.0250556813290857,1.5457380231190534,1.2524659525784612
"103/20",0.2122221653249226,0.977047287788749,0.01828323436028373,1.5525120736716098,1.3569109970588915
"31/6",0.10914162792840382,0.9939473010008109,0.012527731567689326,1.5582682675118897,1.4614282356071986
"311/60",0.0047857415030228,0.9999570314098657,0.007825033426962003,1.5629712135097706,1.5660104161871395
"26/5",-0.09968421498574759,0.9950071011721969,0.004205371633671406,1.566590942765688,1.6706475756402472
"313/60",-0.20310710251181763,0.9791547146147148,0.0016923645330871873,1.5691039614539588,1.7753268213309648
"157/30",-0.30433194967110894,0.9525655225102153,0.000301342659463244,1.5704949841308726,1.8800335189839954
"21/4",-0.4022329641999604,0.9155339449817168,0.000041202849667409946,1.5707551239452175,1.9847522059859741
"79/15",-0.49572506972522895,0.8684781500086345,0.0009142493223976977,1.569882077345136,2.0894665052989834
"317/60",-0.5837671278098342,0.8119158757085081,0.002914351403642046,1.5678819712657586,2.194160165368405
"53/10",-0.665380238092844,0.746476212113011,0.006028574799486486,1.564767715478013,2.298818285708822
"319/60",-0.7396646988754736,0.6728959337763216,0.010237823594813844,1.5605583243487584,2.403427227669553
"16/3",-0.8057943515901071,0.5919927545427541,0.015514817510379031,1.555280886789598,2.507975299344867
"107/20",-0.8630341306985161,0.5046682284593665,0.0218255060441514,1.5489690876060314,2.6124540732398835
"161/30",-0.9107600314645966,0.4119033332396489,0.02913054037157331,1.5416616648762338,2.716858164039074
"323/60",-0.948444393246535,0.31473315689396897,0.03738303616582739,1.5334045780703323,2.821185400111286
"27/5",-0.9756689724464932,0.214242447220931,0.046529719703483685,1.5242498011241787,2.925438052350277
"65/12",-0.9921477438963461,0.11155762413632525,0.05651328764865721,1.5142529142630936,3.0296224123450153
"163/30",-0.9977048798709054,0.007826416983683498,0.06726994592984253,1.5034755417653667,3.1337483936139114
"109/20",-0.9922807467689995,-0.09579093487610942,0.07873017841138003,1.4919845866170993,-3.045354746775428
"82/15",-0.9759554160943275,-0.19813556575267544,0.09082202582080423,1.4798489755155666,-2.9412977978199284
"329/60",-0.9489225782625106,-0.2980633162232442,0.10346847152524685,1.4671423426580061,-2.8372443391082176
"11/2",-0.911487496533525,-0.39445410211640225,0.11658767827825328,1.4539428964599583,-2.733168753395782
"331/60",-0.8640877070689725,-0.4862323799173612,0.13009712221437197,1.440329393014648,-2.6290422880855635
"83/15",-0.8072666730841808,-0.5723734408639445,0.14391103411015338,1.4263838631512262,-2.5248343091047043
"111/20",-0.7416643713596348,-0.6519094842720751,0.1579398981739234,1.4121923109555459,-2.420511920240673
"167/30",-0.668031644434611,-0.7239552959862126,0.1720952807620913,1.397840035936716,-2.316040670556523
"67/12",-0.5872065568125522,-0.7877093777075993,0.18628764779588775,1.3834140375497044,-2.2113860889977737
"28/5",-0.5000998384503141,-0.8424535212597072,0.20042490519606415,1.3690047197449955,-2.1065137075126454
"337/60",-0.4077006304509432,-0.8875806050592288,0.21441767295654807,1.354700729275538,-2.0013895970183246
"169/30",-0.31105661003736723,-0.9225934343643927,0.2281778592549477,1.3405905678736558,-1.8959820596189805
"113/20",-0.2112577797327,-0.9470959134542647,0.24161606116918388,1.3267654162689901,-1.7902620407637515
"17/3",-0.10943323053042037,-0.9608190663461216,0.2546469523153955,1.3133137241239898,-1.6842034034476197
"341/60",-0.0067341378983128974,-0.9636201967850184,0.26718899972514565,1.3003215322977386,-1.5777845865866094
"57/10",0.09568008191898564,-0.9554655348223028,0.2791606259378683,1.2878764542204113,-1.470989307677134
"343/60",0.1966523973727306,-0.9364508372651101,0.2904853261893516,1.276062331269484,-1.3638064628823876
"86/15",0.2950445300578066,-0.9068021630116023,0.30109284856221363,1.2649578495064926,-1.2562314967725154
"23/4",0.3897447872623222,-0.8668517275480574,0.31091413982481103,1.254641636467754,-1.1482671733967422
"173/30",0.47968292314108163,-0.8170505986144425,0.31988579896445585,1.2451873763343728,-1.0399229339688196
"347/60",0.5638483726295707,-0.7579705738816047,0.3279529037300844,1.2366605099498444,-0.9312157051032912
"29/5",0.6412896705110944,-0.6902764519897575,0.33506291063136323,1.2291243272515893,-0.8221704262962898
"349/60",0.7111296036475467,-0.6147300746420572,0.3411690905450262,1.2226359987496849,-0.7128186886630434
"35/6",0.7725869196816533,-0.5321911804638721,0.34623498919635987,1.2172414487863015,-0.6031988101117042
"117/20",0.8249667671906801,-0.44358999472667116,0.35022760825127974,1.2129822355230218,-0.49335585808631155
"88/15",0.8676723185588476,-0.3499237342699191,0.3531195520935118,1.2098929551260758,-0.38333952592910264
"353/60",0.9002298080178365,-0.2522535300838225,0.35489488232724486,1.2079946985207504,-0.2732035650454252
"59/10",0.9222714119172631,-0.15168091559896787,0.35554205021169777,1.207302379889938,-0.16300527609161278
"71/12",0.9335404826306481,-0.04933946146966618,0.3550546007805026,1.2078238539680606,-0.05280284972856793
"89/15",0.933917753289749,0.05361469454101908,0.35343795617123125,1.209552604598662,0.057345425613218245
"119/20",0.9233996877914139,0.15602022865197102,0.35070268111100694,1.2124749910697397,0.16738195140836198
"179/30",0.9020959335334173,0.25672023564583785,0.3468637075254738,1.2165711960459125,0.2772524859467191
"359/60",0.8702531156612991,0.3545789917428448,0.341947430340244,1.221807854849345,0.38690668822028773
6,0.8282323234023772,0.44849295873277717,0.33598592147154527,1.2281445183161677,0.496298698768783
"361/60",0.7764989626868731,0.5373977473987772,0.32901471087848627,1.2355363210349684,0.6053892863571863
"181/30",0.715640569247418,0.6202909762227041,0.321079617025041,1.2439270832076332,0.7141458758403796
"121/20",0.6463462184351283,0.6962385780397027,0.31223236827817,1.2532543518071444,0.8225424928345255
"91/15",0.5693906630360471,0.764375691464069,0.3025270962628315,1.2634534485605835,0.9305611494194997
"73/12",0.48564370669537865,0.8239326453740488,0.29202643376427595,1.2744513810341676,1.0381913658008302
"61/10",0.3960525465061592,0.8742392812515596,0.28079877744814274,1.2861700566603265,1.1454293768708588
"367/60",0.30162347906710907,0.914717517718151,0.2689137666142119,1.2985312490226406,1.252278789568291
"92/15",0.20342216065176277,0.9449065718704324,0.2564473242322835,1.3114515203915862,1.358749848902324
"123/20",0.10255798858395093,0.9644677991900872,0.24348056780930633,1.3248435201787465,1.4648580727428062
"37/6",0.0001673575614056788,0.9731684123778701,0.23009463016248616,1.3386214057887114,1.570624354957723
"371/60",-0.10259390781180155,0.9709021409608656,0.21637447548653593,1.3526968897837532,1.676074286025278
"31/5",-0.20456636377651427,0.9576958254624252,0.20240927008526793,1.3669788351176988,1.7812364901727105
"373/60",-0.3045983722814106,0.9336856689996968,0.18828694071594299,1.3813787298463305,1.8861423456690105
"187/30",-0.4015585737303269,0.8991305522767712,0.17409674535567193,1.3958078957186768,1.990825584891554
"25/4",-0.4943544157182732,0.8544198138064987,0.15993077858222576,1.4101757982795324,2.095320592030808
"94/15",-0.5819356140811877,0.8000450008727193,0.1458786538053921,1.4243952574741754,2.199661857361644
"377/60",-0.6633076736660982,0.7366047032145029,0.13202892957957701,1.4383807766369763,2.303883958407441
"63/10",-0.7375547827106745,0.6648112910076353,0.1184713595010718,1.4520460687688044,2.4080200117332953
"379/60",-0.8038344631250088,0.5854619791060001,0.10529203204098586,1.4653087658953714,2.5121009545892012
"19/3",-0.8613882345487618,0.4994358971221504,0.09257383565261007,1.4780897536207185,2.6161559234056675
"127/20",-0.9095687244753502,0.4076967023131852,0.08039906917194983,1.4903103879625612,2.7202109827832635
"191/30",-0.9478267023718914,0.3112665926758391,0.06884529016460533,1.501896536270431,2.82428836168112
"383/60",-0.9757157748707355,0.21121796015560268,0.057985041188567954,1.5127787428319657,2.9284072009852813
"32/5",-0.9929214470077558,0.10866917168011017,0.04788849749231494,1.5228895065401253,3.0325826353661163
"77/12",-0.9992434846037596,0.00476391867188105,0.038620185273158913,1.5321665346175217,3.1368251643319045
"193/30",-0.9945927804626544,-0.09933909135768941,0.03023817553095931,1.5405535413347464,-3.042043646190441
"129/20",-0.9790187401614979,-0.20247834906144688,0.022796561948189076,1.547997789886297,-2.9376503440265878
"97/15",-0.9526905102237861,-0.30350443599930943,0.016343110306362818,1.5544524888677593,-2.833181870508718
"389/60",-0.9158857518435142,-0.40128840169004093,0.010918076580115899,1.5598780332893565,-2.7286431259050103
"13/2",-0.8690126259313261,-0.4947409892322777,0.006556446336667354,1.5642398334836731,-2.6240421092605968
"391/60",-0.8125925966174581,-0.5828233348523915,0.003286480163130878,1.5675098407155512,-2.519390154091237
"98/15",-0.7472426455493402,-0.6645497467571462,0.0011282680986352545,1.5696680584568823,-2.414700631727385
"131/20",-0.6736890931028513,-0.7390111370193274,0.00009574195947825714,1.570700584835272,-2.309988261831317
"197/30",-0.5927529859393064,-0.8053841544397715,0.0001960553578426727,1.5706002714357978,-2.205269207849308
"79/12",-0.5053288173673705,-0.8629257474619144,0.0014279279669276446,1.569368398342716,-2.1005598667965613
"33/5",-0.41238911723924754,-0.9109969398335762,0.0037834666842537223,1.5670128510841033,-1.9958758160372223
"397/60",-0.31497154522051146,-0.949072871265223,0.007248347795368593,1.5635479155284187,-1.891231896007917
"199/30",-0.21415806012918448,-0.9767282097827092,0.011799947710949332,1.5589961052317616,-1.786641303009407
"133/20",-0.11107116575396303,-0.993657323626268,0.01740898789727552,1.5533864594123783,-1.682114380289034
"20/3",-0.006860453461848992,-0.9996864791416565,0.02404054072911782,1.54675346976785,-1.5776588240973528
"401/60",0.09731386888937726,-0.9947511015780207,0.03165190784958066,1.5391391315194285,-1.4732792677443247
"67/10",0.20029046649355853,-0.9789092479031547,0.04019405316438601,1.53059144309128,-1.3689761035550496
"403/60",0.30092350302869675,-0.9523553920349341,0.049613498394937894,1.5211624518900448,-1.2647458898145003
"101/15",0.3980918270452749,-0.9153922396135523,0.05984991358683245,1.5109106249710735,-1.1605815234546404
"27/4",0.490710498538316,-0.8684359429689152,0.07083724146152692,1.4998997086190051,-1.0564712141299382
"203/30",0.5777523648616176,-0.8120291675574525,0.08250655086043251,1.4881958797844828,-0.9523990895672223
"407/60",0.6582487788634914,-0.7468111833427398,0.09478335849973801,1.4758704709931931,-0.848345939334916
"34/5",0.731299227647889,-0.6735150875051326,0.10758829612419896,1.4629993819268408,-0.7442883997259271
"409/60",0.7960978198160346,-0.5929768787533374,0.12084092477339237,1.4496593553150636,-0.6401997140455065
"41/6",0.8519264490375027,-0.5061075403776127,0.1344569196863858,1.4359309417133526,-0.5360509156704548
"137/20",0.8981591469760429,-0.4138842264503425,0.14834809395454962,1.4218986526732624,-0.43181029599028464
"103/15",0.9342913218950171,-0.31735233522613415,0.16242705458826484,1.407646450851341,-0.327444209309923
"413/60",0.9599280830891268,-0.21760218909665632,0.17660453370148937,1.3932606395587714,-0.2229185531015163
"69/10",0.9747810020689555,-0.11575733406967234,0.19078854068814582,1.378830946565884,-0.11819860321174412
"83/12",0.9786965900208494,-0.012968188455947688,0.20488964493874212,1.36444536784404,-0.013249693219771442
"104/15",0.9716430804704406,0.08960610203493106,0.21881882663618996,1.3501925303903413,0.09196109803791129
"139/20",0.9536988858462386,0.19080839786257442,0.2324855448914367,1.3361638534092695,0.19746474366019612
"209/30",0.925076519546212,0.2894976645885924,0.24580334099592366,1.3224479534098519,0.30328982570754687
"419/60",0.8861104382340826,0.3845633401788344,0.25868861792888764,1.309131964699681,0.40946080705658433
7,0.8372383068665185,0.4749312679580161,0.27105747533566327,1.296304861412153,0.5159975275288884
"421/60",0.7790173613914692,0.5595830050273081,0.28283125780760954,1.284051716878219,0.6229151118097982
"211/30",0.7121143104280236,0.6375689049359528,0.29393664188616814,1.2724535017639698,0.7302224439377647
"141/20",0.63728216406672,0.7080063096230155,0.3043011936470661,1.2615915800930857,0.837921543533812
"106/15",0.5553676054028077,0.7701003416896692,0.3138584563500658,1.2515422079698277,0.94600798665314
"85/12",0.46730210131275507,0.8231581132896946,0.3225496195710953,1.2423744865093755,1.054469868975221
"71/10",0.3740780927695197,0.8665778312364143,0.3303178924588839,1.2341559745215704,1.163287347650606
"427/60",0.27674785683836917,0.8998670848384164,0.33711274266191876,1.2269478928891475,1.2724337610429632
"107/15",0.17641357399574925,0.9226594233857934,0.34289325181308816,1.2208011764549607,1.3818753041957794
"143/20",0.07420682565368925,0.934694961025994,0.3476215514914023,1.2157630664475731,1.4915710105571467
"43/6",-0.028718800316146653,0.9358328462272361,0.3512658904835913,1.211873516697001,1.6014746580849317
"431/60",-0.13120135431715646,0.9260696373193469,0.3538055654163257,1.2091596029233598,1.7115351542904769
"36/5",-0.23208461156263893,0.9055137838625795,0.35522381671636016,1.2076428382365922,1.8216970366197018
"433/60",-0.33022825361296637,0.8743903652244318,0.35550950594150244,1.2073371990163728,1.931903003646008
"217/30",-0.42452709718431875,0.8330589040288803,0.35466328108661616,1.2082424135874852,2.0420946746705972
"29/4",-0.5139173241875861,0.7819852588396659,0.3526904544508619,1.210351559784258,2.1522133926781386
"109/15",-0.5973855659453445,0.7217384814300515,0.34960120113627696,1.2136509154804607,2.2622029471011555
"437/60",-0.6739937557987814,0.6530046479963176,0.34541741252965485,1.2181127883729068,2.372010151820394
"73/10",-0.7428781883042452,0.5765598519627109,0.3401661623396394,1.2237027351442618,2.481585562917628
"439/60",-0.8032539122644782,0.4932606984879822,0.3338784393020531,1.230381186012586,2.5908858116838243
"22/3",-0.854443204572649,0.4040509954370536,0.32659606358324533,1.2380964272002635,2.6998736570593658
"147/20",-0.8958698842375612,0.309938455648417,0.3183663084526784,1.2467907012729544,2.8085181669295762
"221/30",-0.9270563729444565,0.2119816672126997,0.309239260648714,1.2564033479693226,2.91679633203497
"443/60",-0.9476523451431141,0.11128805941571741,0.299274263760143,1.2668643601608036,3.024692551027391
"37/5",-0.9574273731704585,0.008994885240529882,0.2885360592859451,1.2780988113085954,3.1321980813563943
"89/12",-0.956259541109743,-0.09374355295099422,0.27709098962654155,1.2900311034610281,-3.04387339287385
"223/30",-0.9441604060010085,-0.19576623313187527,0.2650125651927795,1.3025793733774045,-2.9371453895602175
"149/20",-0.9212684419835794,-0.29592148984994177,0.25237925629744473,1.315658003808764,-2.8307916497510455
"112/15",-0.8878299292069496,-0.3930756011945657,0.23926985312661225,1.3291825353571327,-2.724794615169579
"449/60",-0.8442169979295876,-0.4861290980187206,0.22576790816650327,1.3430651023592677,-2.619131606599256
"15/2",-0.7909228068509498,-0.5740323354303132,0.2119610953746794,1.3572151109852697,-2.5137763821856414
"451/60",-0.728537159110766,-0.6557867071638468,0.1979361006033441,1.3715444133898989,-2.4086992470903716
"113/15",-0.6577558570301056,-0.7304633208988307,0.1837818463045059,1.3859638703588182,-2.303867672564688
"151/20",-0.5793767191637438,-0.7972204511808074,0.16959016713426472,1.4003825292434198,-2.1992479737546873
"227/30",-0.49427356257644617,-0.8552957064130602,0.15545061638220242,1.4147127281700904,-2.0948057017776507
"91/12",-0.4033969655530735,-0.9040230346211258,0.14145251556801774,1.42886779644276,-1.990505871251736
"38/5",-0.307768795802282,-0.94285329038525,0.12768659570223762,1.4427601963185108,-1.8863145465183784
"457/60",-0.20845850866323024,-0.9713376131954913,0.11424007157445926,1.4563062971793692,-1.7821994357436262
"229/30",-0.10657722754266397,-0.9891392370915737,0.10119765970843142,1.4694251392281583,-1.678129689295518
"153/20",-0.0032679905651299967,-0.9960565541109331,0.08864380755187468,1.4820360170506244,-1.5740772437525037
"23/3",0.10031239029935252,-0.9919998395831201,0.07665831767647846,1.4940627294725288,-1.4700175232237995
"461/60",0.2030026897450612,-0.9769956115011456,0.06531653562689299,1.5054332590030433,-1.36592881852423
"77/10",0.3036533203232482,-0.9512096856401249,0.05469182572876696,1.516077198640118,-1.2617933000665593
"463/60",0.4011372860326706,-0.9149206916318433,0.04485193892213152,1.5259293361621529,-1.1575976708931552
"116/15",0.4943591290947794,-0.8685164112112393,0.035858586086962185,1.534930051534663,-1.0533321837482512
"31/4",0.5822774810340734,-0.8125131580987608,0.027769897602582583,1.5430228587473847,-0.9489912415765714
"233/30",0.6639093178964812,-0.7475298284959304,0.020637646534389376,1.5501572150078768,-0.8445738505992633
"467/60",0.7383347121877721,-0.6742772572733488,0.014506380730932411,1.556289437240543,-0.740082391934594
"39/5",0.804724044747136,-0.5935705770304794,0.00941573113845856,1.561380456524055,-0.6355226871980546
"469/60",0.8623377884080093,-0.5063063950599572,0.005398507730034086,1.5653977928422698,-0.5309042465827557
"47/6",0.9105240988412926,-0.4134477293751563,0.002479511441443316,1.568316812812783,-0.4262388918364432
"157/20",0.9487472933274238,-0.31602746601310444,0.0006776660333587259,1.5701186607096702,-0.3215402954953394
"118/15",0.9765861192508063,-0.2151292664089827,4.944950730001452e-6,1.5707913818441666,-0.21682407798248884
"473/60",0.9937226515828959,-0.11187177501888959,0.00046493130537822447,1.5703313954727682,-0.11210645033041113
"79/10",0.9999680773413737,-0.0074032496568014715,0.002054796098610978,1.5687415292503273,-0.007403350734556126
"95/12",0.995261869474161,0.09711508550203732,0.004765021128365576,1.566031287634374,0.09726948762569734
"119/15",0.9796522988961706,0.20052152996483907,0.008577716124834156,1.5622185054791704,0.20189765294248013
"159/20",0.9533160353738417,0.3016661016940029,0.013468462807465165,1.557327456758807,0.30646912979065855
"239/30",0.9165591609281413,0.3994271598333463,0.01940684580944796,1.5513882625929099,0.4109741181998043
"479/60",0.8697918145375663,0.49271739704608963,0.02635453742203786,1.5444387376104582,0.5154057251015779
8,0.8135404505542647,0.5805003346089213,0.03426713082199395,1.536522486142221,0.6197609701014327
"481/60",0.7484406099182521,0.6618024898024981,0.04309434476764912,1.527688632287875,0.7240403957379635
"241/30",0.6752256540842733,0.7357224801522357,0.052779918678779736,1.5179918723353512,0.8282486358727975
"161/20",0.594720071002373,0.8014417761338355,0.06326212904820006,1.507491924708483,0.932394455371186
"121/15",0.5078300741271988,0.8582337483147895,0.07447416334396922,1.496253147126209,1.0364907588394758
"97/12",0.415533483039022,0.9054719192206673,0.08634456278368202,1.4843441138222142,1.1405545257099363
"81/10",0.3188688656493905,0.9426368943410741,0.09879766065711632,1.4718372290637047,1.244606436683547
"487/60",0.2189236757950176,0.9693225730859714,0.11175412576450328,1.4588082679906322,1.348670856992194
"122/15",0.11682197035732106,0.9852399121430666,0.12513135361700517,1.4453361025206104,1.4527752628082253
"163/20",0.013712033406744761,0.9902206565546352,0.13884405856151583,1.4315022549700354,1.5569497593854205
"49/6",-0.08924665855749386,0.9842196745719809,0.15280489483749793,1.4173904468176992,1.661226596209036
"491/60",-0.19089654457596317,0.9673145836033852,0.16692488000350447,1.4030863656556578,1.765639542377982
"41/5",-0.29009480084689443,0.9397049773024438,0.18111396342052155,1.388677297606698,1.8702231885192575
"493/60",-0.38572626071470395,0.9017106970209708,0.19528168745376945,1.3742516676496797,1.9750122312438039
"247/30",-0.47671651332901144,0.8537688579094421,0.2093379358088207,1.3598984818598356,2.080040775298595
"33/4",-0.5620425773896998,0.7964263621650212,0.22319292302305954,1.3457075267391236,2.1853413257116956
"124/15",-0.6407461983838488,0.7303368739725236,0.23675850053361597,1.3317681963273347,2.2909442552460244
"497/60",-0.7119428336905407,0.6562509890310033,0.24994807183538292,1.3181697024593226,2.396876677365864
"83/10",-0.7748332564117987,0.5750095954008976,0.26267768286583876,1.3050000323120567,2.5031618896347307
"499/60",-0.8287110978047477,0.4875331952291895,0.2748661225232897,1.2923458678534119,2.6098183137104884
"25/3",-0.8729719090425753,0.3948122482495202,0.2864357560707614,1.2802916876219232,2.7168590239403025
"167/20",-0.9071192526963862,0.29789578885035795,0.2973128313414242,1.268919348034683,2.8242908138591916
"251/30",-0.930770507555583,0.19787955933506496,0.3074280029059026,1.2583073734634418,2.9321138965121256
"503/60",-0.9436614872509305,0.09589399613766393,0.3167168597672496,1.2485301779889273,3.040321226713278
"42/5",-0.9456485336568897,-0.006908869999828364,0.32512010463867025,1.2396575970349104,-3.1342868239576944
"101/12",-0.9367115998288654,-0.10936798279031275,0.3325843139766502,1.2317537608809899,-3.025361542362888
"253/30",-0.9169524427462572,-0.2103265312139676,0.3390617413563272,1.2248769455057453,-2.916117360192194
"169/20",-0.8865959771422357,-0.30864493999255266,0.34451128659999597,1.2190781737741165,-2.8065904806428814
"127/15",-0.8459845889451354,-0.40321318573326176,0.3488978762500538,1.214401505210056,-2.6968233621320272
"509/60",-0.7955798424588695,-0.4929652514936752,0.3521943482878,1.2108816820414534,-2.5868641310590563
"17/2",-0.7359473778309704,-0.5768862904934424,0.35437849650324993,1.2085469803649107,-2.476765410727429
"511/60",-0.6677639890401429,-0.6540318329163483,0.3554376428191247,1.2074140837636904,-2.3665831310724617
"128/15",-0.5917966358248925,-0.7235290949052637,0.3553640450846424,1.2074928220038608,-2.25637537766368
"171/20",-0.5089039416501835,-0.7845951466869008,0.35415871922496095,1.2087820001562801,-2.146200666855527
"257/30",-0.42002130024073797,-0.8365408162879358,0.3518293724873873,1.2112716153138523,-2.036116945217035
"103/12",-0.3261506908134243,-0.8787777742433742,0.34839026081597685,1.2149431031033842,-1.9261797082873235
"43/5",-0.22835282715836236,-0.9108321336912308,0.3438643155911489,1.219767246581564,-1.8164411538747296
"517/60",-0.12773010512240168,-0.9323372561884499,0.33827915095380623,1.225708687695746,-1.7069486297275334
"259/30",-0.02541914479756635,-0.9430535189361806,0.33167152160437086,1.2327214868946255,-1.5977438871479241
"173/20",0.07742536566536629,-0.9428558202552926,0.3240827342722964,1.2407543559855347,-1.4888622397026783
"26/3",0.1796420800976679,-0.9317460126005317,0.3155614728426445,1.249748024936165,-1.380331832622763
"521/60",0.28007659832688725,-0.9098484834917122,0.3061622748258813,1.2596372333981638,-1.272173684780555
"87/10",0.37759341536017205,-0.8774055613448435,0.29594432986305846,1.270352344651459,-1.1644010645227076
"523/60",0.471091490527653,-0.8347847159901489,0.2849737783218673,1.2818172547181605,-1.0570201386199123
"131/15",0.5595111685898895,-0.7824599105124765,0.2733193391353507,1.2939542471190406,-0.9500297721215587
"35/4",0.6418539361898942,-0.7210224727985861,0.2610563574404801,1.30667998153669,-0.8434222571807614
"263/30",0.7171865342799318,-0.6511616021510884,0.24826273199118054,1.3199098998805086,-0.7371839978673126
"527/60",0.7846522191069598,-0.5736600169098051,0.23501925013629554,1.3335579538917441,-0.6312956228971458
"44/5",0.843489120123123,-0.48939246192765684,0.22141157967600622,1.347534587452525,-0.5257335023722247
"529/60",0.8930234565905276,-0.3993032832687154,0.2075253506426239,1.36175177123205,-0.4204699943062815
"53/6",0.9326915032929005,-0.3044064497896703,0.19344947644586247,1.376119500085386,-0.3154743198283415
"177/20",0.9620407733303578,-0.2057698112699218,0.1792741371621423,1.3905477413009066,-0.21071387792021587
"133/15",0.9807266001457288,-0.10450119098121838,0.1650885996130002,1.4049484839363886,-0.10615431817045969
"533/60",0.9885350581976033,-0.0017407290879324772,0.15098432890059776,1.419232385607582,-0.0017609160891811045
"89/10",0.9853659316070609,0.1013559315156658,0.13705076052705506,1.433312863486766,0.10250072330895468
"107/12",0.9712428506755447,0.2036286077358149,0.12337641035905761,1.4471047522420986,0.2066643941196309
"134/15",0.9463190895449776,0.30392727384371243,0.11004922947902779,1.460523746623573,0.31076196177721477
"179/20",0.9108583526148691,0.40112170068236697,0.09715327896008569,1.4734895606011937,0.4148232629775922
"269/30",0.8652515265224608,0.4941188641806541,0.08477126221286202,1.4859232047722442,0.5188754814985675
"539/60",0.8100006476192856,0.5818722709977572,0.0729822081264706,1.4977491741115248,0.6229422960748142
9,0.7457110870589223,0.6633908529101027,0.0618606208890608,1.5088961837611108,0.7270441353124375
"541/60",0.6730984966678317,0.7377600038059212,0.051478135897199684,1.519295427578385,0.8311974338737605
"271/30",0.5929641523639805,0.8041388799761217,0.04190045880395771,1.5288835978819877,0.935414437617726
"181/20",0.5061966658509303,0.8617787542906825,0.03318862701409625,1.5376016039632132,1.0397035547911844
"136/15",0.41376111704464547,0.9100326515085189,0.025398595870898044,1.5453949994065779,1.144068741487037
"109/12",0.316680921878189,0.9483490831131928,0.01857930106049227,1.5522159566688514,1.24851008992726
"91/10",0.2160368424995195,0.9762995010383992,0.012774743395840837,1.5580212359131445,1.3530241836492216
"547/60",0.11294767866203925,0.9935696959129311,0.008022182687408619,1.5627740580598466,1.4576035812888843
"137/15",0.008557867531157892,0.9999533434761525,0.0043510717438732804,1.5664452413219512,1.5622382689026117
"183/20",-0.0959712775553822,0.9953802394472526,0.0017852554115779795,1.5690110704350084,1.666915912878891
"55/6",-0.19947839680233553,0.9799030022755477,0.0003414917988074917,1.5704548349894518,1.771621762260545
"551/60",-0.3008117855086352,0.9536834047644258,0.000028230698403297616,1.5707680960964896,1.8763401140278755
"46/5",-0.39884546636360174,0.9170152141375418,0.0008477020210287955,1.5699486246723415,1.9810549915242148
"553/60",-0.49249290760515135,0.8703124747401987,0.002795220098145701,1.5680011030567766,2.0857500965464104
"277/30",-0.5807110076396136,0.8140891110137114,0.00585769621847354,1.564938597077103,2.19041010164313
"37/4",-0.6625205712130522,0.7489736389225021,0.010015632264232188,1.5607805270736028,2.29502158505339
"139/15",-0.737019525009013,0.6756995711314273,0.015243210661502637,1.55555252576443,2.3995728855174514
"557/60",-0.8033785716786273,0.5950813790732896,0.021506510636420062,1.5492881579122486,2.504054994684737
"93/10",-0.8608621666716821,0.5080200683098846,0.028765397805235682,1.5420269605328096,2.608462566720557
"559/60",-0.9088434666750255,0.4154944408818368,0.03697445779893671,1.5338134391137714,2.712793564829657
"28/3",-0.9467907572448581,0.3185373582722457,0.046080856728746566,1.5246991460994177,2.8170495866887864
"187/20",-0.9742849910085891,0.21823310328184176,0.05602606202186772,1.5147409130768166,2.9212368114328755
"281/30",-0.9910373245244068,0.1157070205321358,0.06674771931648332,1.5039989447946898,3.0253654157445595
"563/60",-0.9968673775081236,0.012105937736098207,0.07817710852690896,1.49253936647189,3.1294492702781436
"47/5",-0.991714265990753,-0.0914100857045968,0.09024056864383206,1.4804328302356637,-3.0496785541493834
"113/12",-0.9756556980263169,-0.19368236038662717,0.10286241443629046,1.4677516508972295,-2.9456253167450295
"283/30",-0.9488808150921868,-0.2935661831631877,0.11596200123940054,1.4545728464117271,-2.841551342780803
"189/20",-0.9116931778797497,-0.3899410509474128,0.1294546758110331,1.4409773187102746,-2.737428146451332
"142/15",-0.8645286972752171,-0.4817310559247425,0.14325575793716655,1.4270460002553056,-2.6332245952700695
"569/60",-0.8079267708984501,-0.5679095550840925,0.1572773433095621,1.4128632514780364,-2.5289082619928562
"19/2",-0.7425254685608246,-0.6475074618712806,0.1714285765654041,1.398516797852857,-2.4244449779299844
"571/60",-0.6690747564013327,-0.7196390052942787,0.18562058121298342,1.3840929453653545,-2.3197997176625194
"143/15",-0.5884095417705253,-0.7834996054362428,0.1997632946886984,1.3696799863971687,-2.214938220412714
"191/20",-0.5014388921711428,-0.8383687846842589,0.21376482956082754,1.3553690690347084,-2.1098268409282115
"287/30",-0.40915162289986273,-0.8836389077144908,0.2275371121172967,1.3412486255658198,-2.004433293144604
"115/12",-0.31259348960028405,-0.918808943901193,0.24099315701566887,1.3274072881176682,-1.8987284248991474
"48/5",-0.21285353903228854,-0.9434796451130975,0.2540452943630139,1.3139358415032003,-1.7926863542877745
"577/60",-0.11106087254434688,-0.9573816390102745,0.2666111854209081,1.3009210962733357,-1.6862849323225146
"289/30",-0.00836612264168668,-0.960368131059564,0.2786119784641446,1.288447769120441,-1.5795074769792734
"193/20",0.09407116793920672,-0.9524016185972063,0.289969248637009,1.2766016210805198,-1.4723430857487305
"29/3",0.19509376334671463,-0.9335775303205611,0.30061099080966164,1.265463115815782,-1.3647866582980213
"581/60",0.29356261942721873,-0.9041180687112511,0.3104710640347838,1.2551077815768343,-1.2568403113984319
"97/10",0.3883646223529785,-0.8643515814175899,0.3194847999608814,1.245610583663863,-1.1485136452715567
"583/60",0.47842915028225297,-0.8147287814196027,0.3275945472811481,1.2370398209618223,-1.0398231313609452
"146/15",0.562743832998446,-0.7558182783460856,0.33475070327240825,1.2294556691932648,-0.9307929193087858
"39/4",0.6403544833024142,-0.6882813731755824,0.34090608496752156,1.2229157771378085,-0.8214547836101658
"293/30",0.7103832439483717,-0.6128794733183903,0.34602062339706874,1.2174699381123615,-0.7118467210883239
"587/60",0.7720464361521245,-0.5304700667797607,0.35006410728089754,1.2131567864041255,-0.6020130030106923
"49/5",0.8246453898393099,-0.4419807235967219,0.3530095628924925,1.2100105153260574,-0.4920036394975677
"589/60",0.867582198283521,-0.34840821091822693,0.35483676801264413,1.208056858369892,-0.3818722214140412
"59/6",0.9003805330932473,-0.2508124076136262,0.35553661750503174,1.2073081923768283,-0.2716753729720253
"197/20",0.9226680348565127,-0.15029338985382054,0.3551039023834374,1.2077711157420241,-0.16147184087129673
"148/15",0.9341863889063697,-0.047984484229748735,0.3535394234104511,1.2094441343925646,-0.0513198985879382
"593/60",0.9348140837305539,0.05495858481957382,0.3508556630163863,1.212311628834708,0.058723330813752854
"99/10",0.9245428076196397,0.15737456177052175,0.34706947032285124,1.2163518040675756,0.16860279797583463
"119/12",0.9034802359098142,0.2581063458023765,0.3422027710347743,1.2215361211718414,0.2782680752239713
"149/15",0.8718710758568278,0.35601803971897283,0.3362887836500691,1.227822944725328,0.3876735273508973
"199/20",0.8300710725028685,0.45000442065552493,0.3293651892703621,1.2351651552404568,0.49677904073890944
"299/30",0.7785442510476303,0.539000421322489,0.3214740615598263,1.2435105566457976,0.6055518247856776
"599/60",0.7178776211313909,0.6220038557577962,0.31266773176785784,1.252796042695736,0.7139659923648516
10,0.6487543635394495,0.6980764935507318,0.3030023080143907,1.2629548345202828,0.8220026850597548
