"t","ReAlpha","ImAlpha","ReBeta","ImBeta"
0.,0.7071067811865475,0.,0.7071067811865475,0.
0.01,0.7056368729450249,-0.05051928195778482,0.7057330152328466,0.038278533050384825
0.02,0.7012332531797014,-0.10083909964800541,0.7016172100089466,0.07639776996169102
0.03,0.6939139533005375,-0.1507607785225105,0.6947755799008799,0.11419906418675421
0.04,0.6837089486611807,-0.20008723270483864,0.6852350827759542,0.15152507595816878
0.05,0.6706601735902112,-0.24862373603510599,0.6730334347849689,0.18822040642295337
0.06,0.6548211330012454,-0.2961787354539845,0.6582187650589286,0.2241322663995363
0.07,0.6362567834683401,-0.34256458723030014,0.6408495122072888,0.2591110815918448
0.08,0.6150432547206827,-0.38759827611645625,0.6209941790194876,0.29301108351485305
0.09,0.5912675469799883,-0.43110216899710635,0.5987310666951822,0.3256909285111236
0.1,0.5650272146892906,-0.47290474514427616,0.5741479969183835,0.35701429725287387
0.11,0.5364298035359117,-0.5128411466032714,0.5473418125254738,0.3868503460650657
0.12,0.5055931212509056,-0.5507544797445617,0.5184186336227629,0.41507477495489337
0.13,0.4726430500949504,-0.5864948410211712,0.4874918877611055,0.4415690260058781
0.14,0.437715457099377,-0.6199222775209727,0.4546840553870843,0.4662227122551881
0.15,0.4009532774827471,-0.6509049024931621,0.4201240378343168,0.48893206859928495
0.16,0.3625076160048035,-0.6793212058351255,0.3839481724019308,0.5096018460876633
0.17,0.32253646301181255,-0.7050599962945733,0.3462990854339065,0.528145260006434
0.18,0.28120366856090473,-0.728019826901699,0.3073247694354934,0.5444835162839272
0.19,0.23867942903355793,-0.7481118018785995,0.2671790585331121,0.5585481079303882
0.2,0.19513815381692712,-0.7652568040224361,0.22601968695399072,0.5702785385314175
0.21,0.150759008580395,-0.7793887262534975,0.18400882280320643,0.5796249643399131
0.22,0.105724398148478,-0.7904529207397358,0.1413116950760834,0.5865469177332453
0.23,0.06021946976327393,-0.7984063126883831,0.09809615436349728,0.591013396177881
0.24,0.01443155678472799,-0.8032201701217206,0.05453222417348963,0.5930051165479906
0.25,-0.03145098563324155,-0.8048753110450487,0.01079099011132631,0.5925105947775775
0.26,-0.07723926375063041,-0.8033683568419169,-0.03295572595812236,0.5895312397773202
0.27,-0.12274456239220803,-0.7987051443139943,-0.07653610917891368,0.5840759730166151
0.28,-0.16777957841444252,-0.7909074834540829,-0.11977933293747131,0.5761667226404337
0.29,-0.212158294648534,-0.7800061219650618,-0.16251556242116388,0.5658326877387243
0.3,-0.25569807325355326,-0.766047674446548,-0.2045776934435523,0.553115958037224
0.31,-0.29821861202363714,-0.7490873158762709,-0.24580054817960195,0.5380655696229739
0.32,-0.3395449323997825,-0.7291956833777586,-0.2860234052103725,0.5207430854726338
0.33,-0.37950538189389366,-0.7064515087603548,-0.3250883526292804,0.5012166166577386
0.34,-0.4179355030372049,-0.6809482840306305,-0.36284360045507336,0.4795661914355836
0.35000000000000003,-0.4546750973690563,-0.6527870514400219,-0.3991410015833677,0.45587792207828665
0.36,-0.4895729120885171,-0.6220826266793426,-0.4338400940382602,0.4302489932586092
0.37,-0.5224826503108968,-0.5889565724994406,-0.46680468765527267,0.40278200062170494
0.38,-0.5532692341863794,-0.5535436805792827,-0.49790829591279484,0.3735901125147135
0.39,-0.5818024647324516,-0.515983916179057,-0.5270286614864175,0.34279062011728856
0.4,-0.6079649677989907,-0.4764290992353891,-0.554054673392928,0.3105102186365244
0.41000000000000003,-0.6316458222001248,-0.4350363701233042,-0.5788808397281979,0.2768798055909769
0.42,-0.6527464977774152,-0.391971667661999,-0.6014124825241071,0.24203718081805173
0.43,-0.6711777380546259,-0.34740682400249545,-0.6215630292943712,0.2061247401749468
0.44,-0.686861049506871,-0.3015193961132738,-0.63925533434744,0.16928929443639953
0.45,-0.6997305691472135,-0.25449284870932476,-0.6544233294698246,0.13168216591697918
0.46,-0.7097290821037614,-0.20651392227124518,-0.6670085454650955,0.09345713027309567
0.47000000000000003,-0.7168150516888578,-0.1577743223908597,-0.6769663085059453,0.05477160472820657
0.48,-0.7209538889867828,-0.10846743656042854,-0.684258068360939,0.01578419104868066
0.49,-0.7221284704720081,-0.05878975387721429,-0.6888606921262739,-0.023344466215781217
0.5,-0.7203282386984348,-0.0089384979550853,-0.6907568520574305,-0.06245331265540845
0.51,-0.7155598924803097,0.040888336040305104,-0.689944503164623,-0.10138118050807896
0.52,-0.7078379522193013,0.09049287128703636,-0.6864285381540607,-0.13996723994873522
0.53,-0.6971921418560809,0.13967858272953476,-0.680227362350237,-0.1780522525259737
0.54,-0.6836621893153004,0.1882503546862026,-0.6713682851960692,-0.21547846025892597
0.55,-0.667299833085341,0.23601577635656326,-0.6598893324092666,-0.2520907276761541
0.56,-0.6481716840364966,0.2827868379085846,-0.6458418279892303,-0.2877380451282402
0.5700000000000001,-0.6263485825006215,0.3283769752087642,-0.6292808827206282,-0.3222707382580238
0.58,-0.6019200761033895,0.37260779213437734,-0.6102784092603808,-0.3555465228153144
0.59,-0.5749823603037375,0.4153044793831755,-0.5889123111491879,-0.38742631317072246
0.6,-0.5456405427155633,0.4562975045116988,-0.5652685377568082,-0.41777570375883466
0.61,-0.5140151665725703,0.49542824183776796,-0.5394470303744553,-0.44646987536112165
0.62,-0.48022959226384054,0.5325403404846322,-0.5115502927878661,-0.47338599636595763
0.63,-0.444420559545646,0.5674896450634823,-0.4816930472983396,-0.49841184181255815
0.64,-0.4067327227397194,0.6001404532993762,-0.4499972867210623,-0.5214424997273994
0.65,-0.3673150687331481,0.6303620803157394,-0.4165889971265928,-0.5423773882847492
0.66,-0.32632889490108913,0.6580407190272308,-0.38160560676457894,-0.5611304278075246
0.67,-0.2839380301531055,0.6830666525189684,-0.3451869192305052,-0.5776190403164135
0.68,-0.24031338835658783,0.7053428851395656,-0.3074794342975017,-0.5917715165243043
0.6900000000000001,-0.195632514620755,0.7247868079808367,-0.2686360134653912,-0.6035283998982909
0.7000000000000001,-0.1500745516357536,0.7413197842278142,-0.22881106981855162,-0.6128336102528306
0.71,-0.10382499222109008,0.7548829238102182,-0.18816533945883235,-0.6196478071207592
0.72,-0.057071118918394725,0.7654249485707857,-0.14686142065816546,-0.6239380841239545
0.73,-0.010002219303372875,0.7729048569360962,-0.10506406681424876,-0.6256802094639233
0.74,0.03719018243423196,0.7773009681703759,-0.06294074804712797,-0.624866215683444
0.75,0.08431436294204596,0.7785953204385564,-0.020659255636401856,-0.621491259264913
0.76,0.13117865928961053,0.7767884586525866,0.021611933009595817,-0.6155660106718045
0.77,0.17759235309362384,0.7718929233279478,0.0637046816230096,-0.6071111688597332
0.78,0.2233655105308433,0.7639279334338843,0.10545126861462835,-0.5961530083179409
0.79,0.2683123672505894,0.7529338171501533,0.14668674475971044,-0.5827353732158547
0.8,0.31224848332473915,0.7389557330093393,0.18724711580871123,-0.5669061165609235
0.81,0.3549939652843119,0.7220529755115415,0.2269717609438175,-0.5487248009001173
0.8200000000000001,0.39637505546754526,0.7023000288730964,0.2657047630864559,-0.5282635296617649
0.8300000000000001,0.43621981505171414,0.6797753271132629,0.3032916212237756,-0.5055976600699027
0.84,0.47436645784373327,0.6545759133993548,0.3395858681807508,-0.4808178232415067
0.85,0.5106576116881615,0.6268056201444644,0.37444457893510014,-0.4540201978734889
0.86,0.5449419838899445,0.5965769168499596,0.40772973385609096,-0.4253080034764775
0.87,0.5770809056925321,0.5640176208327472,0.43931359418233046,-0.39479690341965495
0.88,0.6069382884539614,0.5292583257326544,0.46907053577800867,-0.3626048013426631
0.89,0.6343914675466149,0.49244256503201217,0.4968859897413934,-0.3288599873358036
0.9,0.6593272150181134,0.4537217119052697,0.5226532032665693,-0.293696993497401
0.91,0.6816375992360454,0.41325120975429275,0.5462698221612737,-0.2572535773899406
0.92,0.7012327919376882,0.37119831200108866,0.5676485993159397,-0.21967674418245334
0.93,0.7180274023732215,0.32773272693612976,0.5867060058800968,-0.1811153940852834
0.9400000000000001,0.7319491945573103,0.28303071307374783,0.6033695600972118,-0.14172342872852833
0.9500000000000001,0.7429411087712462,0.23727474486244893,0.6175795698404883,-0.1016593829070161
0.96,0.7509501121914852,0.19064872166696428,0.6292797442133521,-0.06108283081636074
0.97,0.7559433189900371,0.14334215003641154,0.6384308589908779,-0.0201572514244358
0.98,0.7578957806919494,0.09554608500315348,0.6450004354841196,0.020952899832322805
0.99,0.756792696964014,0.047453165479609,0.648964632449394,0.06208225629715064
1.,0.7526387791435137,-0.0007424568354089875,0.6503162657850824,0.10306500781061032
1.01,0.7454424593094208,-0.04884657708171401,0.6490513354779959,0.1437354602614115
1.02,0.7352302779856705,-0.09666575929947213,0.6451813719730568,0.18392936557734313
1.03,0.7220407760956509,-0.14400800646057998,0.6387282281951363,0.22348423036241138
1.04,0.7059188317482363,-0.19068233921713193,0.6297192166495572,0.26223870852221315
1.05,0.6869297713650123,-0.2365027822198459,0.6181993238027659,0.30003663562818
1.06,0.6651436666347003,-0.28128491514978743,0.6042176506502346,0.3367233881794166
1.07,0.6406438386004633,-0.32484933285595224,0.5878348095201167,0.372149225857945
1.08,0.6135281366725772,-0.3670234500610491,0.5691240804833471,0.40617090228560354
1.09,0.5838980395912778,-0.4076366189729219,0.5481619160280179,0.4386469947521158
1.1,0.5518722018368654,-0.44652901060935085,0.5250398406743222,0.4694461392235906
1.11,0.5175756601089117,-0.48354559357838944,0.4998550068837918,0.49844138200720145
1.12,0.4811411214949521,-0.5185375921889307,0.4727113485548459,0.525511494024657
1.1300000000000001,0.44271513837046106,-0.5513695253449296,0.44372511356941347,0.5505473166319597
1.1400000000000001,0.4024467272666638,-0.5819086121001499,0.4130147534737913,0.5734421289336152
1.1500000000000001,0.3604960442975113,-0.6100358098590746,0.380708740226362,0.5941015619946045
1.16,0.3170300493734951,-0.6356419768450596,0.3469417231588615,0.6124401032204223
1.17,0.2722190215740583,-0.6586232538897256,0.31185138217694297,0.6283769536180852
1.18,0.22624283673518092,-0.6788942845976557,0.27558428571584354,0.6418477529648674
1.19,0.17928332782579326,-0.6963743376235687,0.23828884799008804,0.6527922345213162
1.2,0.13152718660220275,-0.7109957907084076,0.20011813041630108,0.6611617108230501
1.21,0.08316552607070457,-0.7227065453602498,0.16122956668095131,0.6669211621858739
1.22,0.034390373039770446,-0.7314584823090053,0.12178152465524242,0.6700390648928877
1.23,-0.014603110182945918,-0.7372235929557028,0.08193583964339084,0.6705015169995273
1.24,-0.06361916340063208,-0.7399820112319858,0.04185518252142069,0.668301730056179
1.25,-0.11246168579921995,-0.7397237537733177,0.001702912874663766,0.6634415372405523
1.26,-0.16093545298173256,-0.7364583662379665,-0.03835755538592415,0.6559397617185156
1.27,-0.20884564778921,-0.7301991048599825,-0.07816300128816177,0.6458184473965479
1.28,-0.25600040887298997,-0.7209769180168039,-0.11755197534933758,0.6331149650379214
1.29,-0.30221084565191203,-0.7088347970926305,-0.15636503960661688,0.6178770901527956
1.3,-0.3472898166686955,-0.6938217825160176,-0.1944439826026894,0.6001578167660412
1.31,-0.39105772605926226,-0.6760069343706688,-0.23163612280602827,0.5800273592120899
1.32,-0.4333371819172684,-0.6554640508690821,-0.26779043777330114,0.5575599953357568
1.33,-0.47395735120849936,-0.6322795801564179,-0.3027608978559807,0.5328408323257422
1.34,-0.5127561678388629,-0.6065542004213995,-0.33640824892473764,0.5059671195528409
1.35,-0.5495739222704856,-0.5783920216836853,-0.36859507339110875,0.4770390277356658
1.36,-0.584263859016594,-0.5479135384226906,-0.3991941381748519,0.44617062560877185
1.37,-0.6166849977344305,-0.5152454893030208,-0.4280827891244299,0.4134812543062425
1.3800000000000001,-0.6467034440041006,-0.4805217273832169,-0.45514400981104103,0.3790962473923116
1.3900000000000001,-0.6742005530069957,-0.4438892562327302,-0.4802729903698152,0.34315195200018767
1.4000000000000001,-0.6990607388658365,-0.40549740257570177,-0.5033673804714394,0.3057866502901327
1.41,-0.7211835232642598,-0.36550574038979244,-0.5243370153678737,0.26714711115258627
1.42,-0.7404795084790045,-0.3240802267478394,-0.543100703742477,0.2273853400113216
1.43,-0.7568648991131812,-0.2813897649338717,-0.5595818003861875,0.18665574476502506
1.44,-0.7702758733810542,-0.23761188667884864,-0.5737199225510944,0.1451196603537259
1.45,-0.7806536759608171,-0.19292588399691346,-0.5854588252692465,0.10293980472413061
1.46,-0.7879532298498846,-0.14751517053373808,-0.5947534518209082,0.06028207773989225
1.47,-0.7921460030985328,-0.1015668599566988,-0.6015723130252426,0.017315103206793327
1.48,-0.793207552710873,-0.05526877028750485,-0.6058872786763793,-0.025792005512409205
1.49,-0.7911341972316202,-0.008810889757528015,-0.6076873074299185,-0.06886888319929538
1.5,-0.7859308539250477,0.03761656260341635,-0.6069684519404538,-0.11174523202183595
1.51,-0.7776123243077979,0.08382346999766645,-0.6037349282746451,-0.15425115424253827
1.52,-0.7662133951585298,0.1296214572966445,-0.598007492632903,-0.19621891094928257
1.53,-0.7517726291102713,0.17482272171267277,-0.5898100317835999,-0.2374813848191516
1.54,-0.7343461390292939,0.21924310235424274,-0.5791810034095098,-0.277875213922918
1.55,-0.7140022523297059,0.26270194750564124,-0.5661690262926162,-0.3172405094124786
1.56,-0.6908151196192913,0.30502053283542074,-0.5508275688430676,-0.35541926237253785
1.57,-0.664878551112429,0.34602840794169404,-0.5332265060629945,-0.3922613739284472
1.58,-0.6362910812122318,0.38555755139446957,-0.5134396639910892,-0.4276190356789638
1.59,-0.6051632568892066,0.4234467885147508,-0.49155092772189873,-0.4613508578989089
1.6,-0.5716194059422377,0.4595442513493565,-0.46765574865404463,-0.49332410256514564
1.61,-0.5357870549155807,0.493700484203951,-0.4418522676127041,-0.5234082631076127
1.62,-0.4978090149644171,0.5257793140626734,-0.414251507293153,-0.5514850584706883
1.6300000000000001,-0.45783402001474094,0.5556506243772329,-0.3849694982144356,-0.5774417538769003
1.6400000000000001,-0.41601717039076097,0.5831913389732284,-0.3541276632483084,-0.6011720482256173
1.6500000000000001,-0.3725254812931591,0.608293907217738,-0.32185755823865003,-0.6225837759672025
1.6600000000000001,-0.3275280370824761,0.6308538856643833,-0.2882925059305758,-0.6415875925269932
1.67,-0.28120270862240837,0.6507817916564818,-0.2535733630472189,-0.6581077108377509
1.68,-0.23373283512557141,0.6679993931746413,-0.21784570907501333,-0.6720785142142973
1.69,-0.18530411181045267,0.682433870645349,-0.1812571681739084,-0.6834392724410382
1.7,-0.1361089710149082,0.694032157242184,-0.14396128690167825,-0.6921470534572207
1.71,-0.08634114589559831,0.7027463019337603,-0.10611277827661071,-0.6981635261435057
1.72,-0.03619710644733569,0.7085415352328693,-0.06786885263852749,-0.7014622041109477
1.73,0.014124597183957678,0.711399445457434,-0.029388731534391775,-0.7020312786526376
1.74,0.06442512950809401,0.7113055357320185,0.009168057886767791,-0.6998624500361847
1.75,0.11450560666627169,0.7082653170784107,0.04764159007092054,-0.6949653345300877
1.76,0.16416782390484663,0.7022928095043777,0.08587234758761526,-0.6873571584753794
1.77,0.21321468580680136,0.693411312212586,0.12370156226966886,-0.6770634424649915
1.78,0.2614529995931904,0.6816633842820794,0.16097333951278084,-0.6641269060176688
1.79,0.3086905667351082,0.6670952191802573,0.19753253954099326,-0.6485935112129741
1.8,0.3547406958516517,0.6497694833821757,0.23322826628730334,-0.6305239095892099
1.81,0.39942166520182154,0.629760598545267,0.2679135069148343,-0.6099892268551685
1.82,0.44255426997754005,0.6071483161002054,0.30144322621264374,-0.5870653353597503
1.83,0.4839698612622967,0.5820307864401765,0.33368074741605036,-0.5618444827535978
1.84,0.5235028615482085,0.5545106644907679,0.3644918398068159,-0.5344229228150094
1.85,0.56099583771198,0.5247015232030863,0.393748774394018,-0.5049066161167931
1.86,0.5963025053080054,0.49272974283306115,0.4213327543690654,-0.4734129030488185
1.87,0.6292793529893081,0.458724574229046,0.44712720968299485,-0.44006167329357976
1.8800000000000001,0.6597980506312393,0.4228290107780711,0.4710277858287168,-0.40498501571121975
1.8900000000000001,0.6877373019305605,0.3851914766959888,0.49293580045590346,-0.3683198370110031
1.9000000000000001,0.7129835351693858,0.34596591117108394,0.5127588060999753,-0.33020793472056703
1.9100000000000001,0.7354405474839232,0.305316732881617,0.5304183954879732,-0.29080039416334263
1.92,0.7550155961641526,0.26341015602684803,0.5458389618255164,-0.250249890875206
1.93,0.7716321127599204,0.2204197371344775,0.5589579972052279,-0.20871559986021182
1.94,0.7852259561325026,0.17652360497147168,0.5697230670057369,-0.16636073957202666
1.95,0.7957386659353741,0.13190172666341,0.5780863436663143,-0.12335015297421781
1.96,0.803132932906615,0.08673918040243644,0.584017161900288,-0.07985319170702379
1.97,0.8073770291236331,0.04122195905974161,0.5874893877085244,-0.03604001161956236
1.98,0.8084529244473102,-0.004462265897977005,0.5884880094907136,0.00791776066756504
1.99,0.8063599901026126,-0.05012496595069932,0.5870121483177856,0.051847762635645014
2.,0.8011016293288441,-0.09557761823815003,0.583064200699097,0.09557764262892306
2.0100000000000002,0.7927019242699793,-0.14063306860054356,0.5766633599729714,0.1389362945926949
2.02,0.7811939696272114,-0.18510545529664732,0.5678361396355606,0.18175377338159937
2.0300000000000002,0.7666201748670953,-0.22881060409521345,0.5566166183518583,0.22386164619947063
2.04,0.7490427627788282,-0.271569513374276,0.543054960546635,0.26509610403062545
2.05,0.7285276905567483,-0.313204417004037,0.5272043617591083,0.3052944408287134
2.06,0.705157376977916,-0.3535439610926918,0.5091313721967601,0.34429967213171897
2.07,0.6790262655288599,-0.3924225283624482,0.48891229036810063,0.38195992931421346
2.08,0.6502339818338165,-0.4296772346251688,0.4666276144361212,0.4181257804268865
2.09,0.6188984068691463,-0.4651566871651545,0.4423726196369654,0.4526580372946337
2.1,0.5851419695788966,-0.4987128668607952,0.4162462581448378,0.4854205185899048
2.11,0.5490975893056942,-0.5302062263433497,0.38835595605599016,0.5162845941616594
2.12,0.5109107440319374,-0.5595090152254794,0.3588192656371108,0.5451321500324682
2.13,0.47072962897229687,-0.5864963193411635,0.3277559271935952,0.5718476004911792
2.14,0.4287154267254109,-0.6110587263344242,0.2952961135683021,0.59632918276776
2.15,0.385034537317295,-0.6330941625184341,0.26157417449609666,0.6184816797734983
2.16,0.3398583562158022,-0.6525081848947076,0.22672845108511314,0.6382166816006658
2.17,0.29336786913576385,-0.6692239087704001,0.19090490635207838,0.6554614491515526
2.18,0.24574567533128494,-0.6831679466037868,0.15425077826055117,0.6701463654724076
2.19,0.1971806786187989,-0.6942827806282321,0.11691825367763198,0.6822159883215537
2.2,0.1478656552364949,-0.7025233761852482,0.07906251889715415,0.6916260319075306
2.21,0.097994815930342,-0.7078501295770303,0.040839859613204244,0.6983370655330825
2.22,0.04776608881918705,-0.7102440808075033,0.0024093110248323314,0.7023281289252549
2.23,-0.0026220531973186745,-0.7096918301376877,-0.036069726983815525,0.7035832405703556
2.24,-0.05297042343238839,-0.7061929716199663,-0.07443746337748133,0.7020980600484862
2.25,-0.10308023149670292,-0.6997640057258266,-0.11253469106135168,0.6978834087863445
2.2600000000000002,-0.15275298681566377,-0.6904252329440469,-0.15020250789760975,0.6909535182481612
2.27,-0.20179310293391492,-0.6782164769863827,-0.1872847047331255,0.6813401604040255
2.2800000000000002,-0.2500070318044414,-0.6631862797142226,-0.2236268872493315,0.6690829508090389
2.29,-0.2972035816049283,-0.6453917207739845,-0.2590767356012672,0.6542291917839618
2.3000000000000003,-0.3431983746353794,-0.6249084738834785,-0.2934878379359389,0.6368429561207107
2.31,-0.3878086003756195,-0.601815716209952,-0.3267151295794172,0.6169914811936491
2.32,-0.4308591564990693,-0.5762076028310668,-0.3586201382592592,0.5947555546605495
2.33,-0.47218184629661936,-0.5481894679799152,-0.3890702642943237,0.5702261014048781
2.34,-0.5116115800849953,-0.5178712228783443,-0.41793554346785433,0.5434982021551755
2.35,-0.5489964247491316,-0.4853791768615108,-0.4450971263559284,0.514681874078235
2.36,-0.5841883584794814,-0.4508437850321307,-0.4704394568911801,0.48389092391111777
2.37,-0.6170486704913142,-0.41440457704123157,-0.4938548066529395,0.45124747181004177
2.38,-0.6474518677899938,-0.3762121147679546,-0.5152465305775464,0.4168837927673111
2.39,-0.6752755366304114,-0.33641925835647174,-0.5345205614815886,0.3809342851680282
2.4,-0.7004140676424913,-0.29518974454943286,-0.5515968729558263,0.34354345741818293
2.41,-0.7227699914751945,-0.25269170632412186,-0.5664022257340111,0.3048599406618968
2.42,-0.7422538574528889,-0.20909722006241627,-0.5788700600840843,0.2650360835745569
2.43,-0.7587951227749026,-0.16458587361095842,-0.5889495351692662,0.2242314187872011
2.44,-0.7723270190767216,-0.11933846978436147,-0.5965929431533779,0.18260666093218159
2.45,-0.7827993969427065,-0.07354022452146276,-0.6017663526940937,0.14032690267095208
2.46,-0.7901755065995166,-0.027378864210849965,-0.6044469202376572,0.09755984164391462
2.47,-0.7944241532303636,0.018957079616409092,-0.6046163944320285,0.054474047196564984
2.48,-0.7955357190360562,0.0652775989149697,-0.6022743261847107,0.01124002154089504
2.49,-0.7935065299181207,0.11139273441953924,-0.5974251607915635,-0.03197160180955187
2.5,-0.7883461416560522,0.1571131606451391,-0.590084225751636,-0.07499035871549917
2.5100000000000002,-0.7800817702623557,0.20225170573016357,-0.5802813443813097,-0.11764715960474414
2.52,-0.768744492294209,0.2466218749225574,-0.5680495042214175,-0.1597733968039349
2.5300000000000002,-0.754385258753102,0.2900419757594067,-0.5534379477516657,-0.20120409697305575
2.54,-0.7370641330723402,0.3323332655468374,-0.5365033510318331,-0.24177660871221351
2.5500000000000003,-0.7168496433530773,0.3733200895598287,-0.5173092861466114,-0.28133074244820144
2.56,-0.6938292417927109,0.41283538283484744,-0.4959346942677247,-0.31971328799822624
2.57,-0.668093958161309,0.45071399451327443,-0.4724614140478723,-0.3567726087140109
2.58,-0.639749665994706,0.48679970030590614,-0.44698327523173226,-0.3923644575518937
2.59,-0.6089135955171381,0.520944284310243,-0.4196032451889025,-0.4263512716735317
2.6,-0.5757074046409592,0.55300293271218,-0.39042784541004094,-0.4585983389711015
2.61,-0.540268944745245,0.5828453107231206,-0.3595765274983356,-0.48898315248598706
2.62,-0.5027402435015653,0.6103454355843205,-0.32717205724827164,-0.5173868928110497
2.63,-0.46327202340816,0.6353871308638752,-0.2933440743631613,-0.5436990692347221
2.64,-0.4220258058347583,0.6578683818318858,-0.2582306855241347,-0.5678212666853563
2.65,-0.37916529092778156,0.6776903708557068,-0.22197169396805522,-0.5896578033125632
2.66,-0.33486444759858003,0.6947716391482266,-0.18471481293373385,-0.609127880133001
2.67,-0.28930146237146814,0.7090393119525634,-0.14661095040984795,-0.6261580812761034
2.68,-0.242658085473607,0.7204285167430616,-0.10781368585890191,-0.6406818837041097
2.69,-0.1951228968628118,0.7288936680269167,-0.06848156646206796,-0.6526494263044156
2.7,-0.14688555414949808,0.7343930370913857,-0.02877389220333472,-0.6620141877283807
2.71,-0.0981394007095765,0.736901316754675,0.011147589224259943,-0.668743892739103
2.72,-0.049079757050174956,0.736406736209974,0.051120002599674884,-0.6728180395343318
2.73,0.00009751004752230064,0.7329028677503887,0.09098022378328795,-0.6742207801451547
2.74,0.04919601995545103,0.726404414471261,0.13056553072873103,-0.6729547206979021
2.75,0.0980197256831074,0.7169320175116838,0.16971371665617974,-0.6690276673200138
2.7600000000000002,0.1463738059363296,0.7045188780907286,0.20826410335912962,-0.6624584412566593
2.77,0.19406647108486705,0.6892153397408916,0.24605924634979828,-0.6532809399943451
2.7800000000000002,0.24090678966740048,0.6710753875764743,0.2829425686552699,-0.6415322702234438
2.79,0.2867095756671365,0.6501716934798908,0.3187630819838416,-0.6272660516810112
2.8000000000000003,0.3312931354363007,0.6265856869411326,0.3533730944870562,-0.610543669457858
2.81,0.3744792036236841,0.6004064960084163,0.3866281155476192,-0.591433346912986
2.82,0.41609914074824106,0.5717408181227911,0.41839249019103447,-0.5700189768348484
2.83,0.4559864459600535,0.5406986713680665,0.44853250432706,-0.546387424577328
2.84,0.4939842153364407,0.5074033627387354,0.47692309447683195,-0.5206374903026898
2.85,0.5299443226183129,0.47198854320105216,0.5034470429336712,-0.492877312680869
2.86,0.5637221932645773,0.43459168894264,0.5279902932385063,-0.4632184949036392
2.87,0.5951886249762812,0.3953644047472479,0.5504523853441595,-0.4317855249847659
2.88,0.6242191368884251,0.35446196912006767,0.5707370115200731,-0.39870626942167964
2.89,0.6506993607332854,0.3120468767318549,0.5887567349300401,-0.36411526475958794
2.9,0.6745298985911371,0.26829062333829723,0.6044371930753388,-0.3281554634705724
2.91,0.6956146489299168,0.22336644000021894,0.6177068937457536,-0.2909714569387151
2.92,0.7138753829030485,0.17745550266968446,0.6285098583664362,-0.2527154579607901
2.93,0.7292429463560555,0.13074217786083547,0.6367979570119902,-0.21354281984579349
2.94,0.7416562120687346,0.08341330822003636,0.6425299905622208,-0.17361137470218965
2.95,0.7510739291827462,0.03566014980206125,0.6456818655503864,-0.13308361250519063
2.96,0.757458850584317,-0.012325439976141828,0.6462329246567937,-0.09212271338419296
2.97,0.7607902412623023,-0.06034998459759233,0.6441766536327016,-0.0508939648659447
2.98,0.7610613414162468,-0.10821969630007477,0.6395184738302837,-0.00956352881273159
2.99,0.7582706596384211,-0.15574089789255477,0.6322682986381172,0.031702299268761405
3.,0.7524379963111489,-0.20272197693163907,0.6224541426266825,0.07273806717895843
3.0100000000000002,0.7435892854660641,-0.24897240696982553,0.6101092188113336,0.11337898596539339
3.02,0.7317628126643448,-0.29430435354005025,0.5952771916715337,0.15346203329649075
3.0300000000000002,0.7170141769501428,-0.33853513753524545,0.578016329832623,0.19282784113608706
3.04,0.6994025688489929,-0.38148336572465286,0.558387924254586,0.2313179843079929
3.0500000000000003,0.6790055957957337,-0.4229755728018543,0.5364687184583333,0.2687800051747219
3.06,0.6559097332742372,-0.46284294102712886,0.5123428683328715,0.30506502489788023
3.0700000000000003,0.6302088538184261,-0.5009208856500026,0.4861007003707163,0.3400274525503758
3.08,0.6020141656961858,-0.5370566013861999,0.457846936983876,0.37353097751216785
3.09,0.5714401752235493,-0.5710998614536881,0.42768902758140076,0.4054413408336287
3.1,0.5386141611404052,-0.6029114705836691,0.3957449441103224,0.4356331126463618
3.11,0.5036735919518591,-0.6323624132646155,0.362141003039064,0.4639890721471601
3.12,0.4667595286302856,-0.6593275783049694,0.3270064513988834,0.49039515946708495
3.13,0.42802655197071615,-0.6836988883160099,0.2904814762721878,0.5147511841653456
3.14,0.38763282867261184,-0.705373572697663,0.25270913668719647,0.5369612999032392
3.15,0.345743212532348,-0.7242596230863114,0.21383781384439443,0.5569384911577183
3.16,0.3025310580291441,-0.7402812624241297,0.1740225550308934,0.5746091163120589
3.17,0.2581713069543065,-0.7533661904865416,0.1334196351171676,0.589902406896877
3.18,0.2128460829445639,-0.7634608146267492,0.09219076343537302,0.60276309864019
3.19,0.1667404106172617,-0.7705212432360711,0.05049975866240611,0.6131439946241812
3.2,0.12004141775200514,-0.7745117067017356,0.008511925080112857,0.6210046630640019
3.21,0.07293988157104238,-0.775416993349973,-0.03360511850465459,0.6263218489959999
3.22,0.025627028689335973,-0.7732260509733969,-0.07568353434242786,0.6290757821350443
3.23,-0.021704949310250583,-0.7679443679731961,-0.11755532662649112,0.6292605746974492
3.24,-0.06886408848878105,-0.75959174045627,-0.15905328332231417,0.6268823799770012
3.25,-0.11565873132982243,-0.748193105901048,-0.20001066838745335,0.6219516851560293
3.2600000000000002,-0.16190007695360362,-0.7337945189729882,-0.24026409089100598,0.6144968257512933
3.27,-0.20740067422527625,-0.716448241496886,-0.27965158653085503,0.6045513988907265
3.2800000000000002,-0.2519761488312785,-0.6962183980792442,-0.31801435086612134,0.5921590722606107
3.29,-0.29544795622305087,-0.6731861013109685,-0.35519934662908975,0.5773779770724994
3.3000000000000003,-0.33763895374707653,-0.6474358968617874,-0.3910548969481186,0.5602691740863043
3.31,-0.37838048162810306,-0.6190698029960344,-0.42543742950825253,0.5409086738192729
3.3200000000000003,-0.41750892997935657,-0.5881984244033543,-0.4582081261243658,0.5193798594632897
3.33,-0.45486503701783687,-0.5549391381595742,-0.4892322379394408,0.49577194012154246
3.34,-0.4903018933936884,-0.5194254865589218,-0.5183864624694143,0.4701880898790491
3.35,-0.523675310673853,-0.48179408717112854,-0.5455500002798409,0.4427341505456205
3.36,-0.5548523152647333,-0.44219299004494744,-0.5706123253529041,0.4135259148921466
3.37,-0.5837105286409132,-0.4007794875275903,-0.5934725626177149,0.38268726675821557
3.38,-0.610131455529571,-0.357713957306133,-0.6140333633116233,0.35034480146327873
3.39,-0.6340138508713875,-0.3131684152054327,-0.6322129760721755,0.31663542330601524
3.4,-0.6552619764116809,-0.2673179622583176,-0.6479346079372109,0.2816987984019307
3.41,-0.6737907103057038,-0.22034308934094388,-0.6611310076338446,0.2456794492200936
3.42,-0.689531365626299,-0.17243105242654375,-0.6717496471887532,0.2087280924654481
3.43,-0.7024187037561209,-0.12377029469296871,-0.6797410804923482,0.17099654961523428
3.44,-0.7124059609712956,-0.07455429810475264,-0.6850723369243404,0.13264145558081814
3.45,-0.7194562156614887,-0.024978391868727218,-0.687719199494868,0.09382130905568586
3.46,-0.723540367669105,0.02476094437945242,-0.6876643987558991,0.054695824168240474
3.47,-0.7246496578887013,0.07446593092552395,-0.6849086905106216,0.015426463848772418
3.48,-0.722779485067019,0.12393882189121673,-0.6794565072368086,-0.02382520175936581
3.49,-0.7179412165635181,0.17298281280502176,-0.6713263830692844,-0.06289786602510719
3.5,-0.7101603985538875,0.22140303278101886,-0.6605493475471402,-0.1016313700573834
3.5100000000000002,-0.6994674502315444,0.2690055020968959,-0.6471607191531134,-0.13986613830562164
3.52,-0.6859132015094838,0.31560159896942597,-0.6312137458314666,-0.17744638689526723
3.5300000000000002,-0.6695546336638296,0.36100485852648895,-0.6127670672917284,-0.21421792472461104
3.54,-0.6504599057415492,0.40503323731026,-0.5918891102097762,-0.25002987076011446
3.5500000000000003,-0.6287136013756713,0.44751269052678755,-0.5686626517470644,-0.28473745030409137
3.56,-0.6044035541221725,0.48827099167601606,-0.5431733036797245,-0.31819729212772796
3.5700000000000003,-0.5776340481527686,0.5271465116149934,-0.5155209994922404,-0.3502742776608145
3.58,-0.5485176587931367,0.5639839144923747,-0.48581287244644344,-0.3808382330991247
3.59,-0.5171731612207084,0.5986329493552047,-0.454161432169191,-0.4097629947791127
3.6,-0.4837344866203628,0.6309579229656822,-0.4206922913648634,-0.4369339515982214
3.61,-0.44833846828990265,0.6608263413642048,-0.38553356399667443,-0.4622390434309068
3.62,-0.4111323269411476,0.6881183272695433,-0.34882229500466966,-0.48557629690247794
3.63,-0.3722718513849916,0.7127261111775964,-0.3107028645680839,-0.5068534541556476
3.64,-0.33191555248960414,0.7345461489640873,-0.27132197619917153,-0.5259816549812731
3.65,-0.2902323156318112,0.7534938772778343,-0.2308351348566771,-0.5428873433150907
3.66,-0.24739380514478176,0.7694909056656316,-0.1894001828997096,-0.557501953969225
3.67,-0.20357625964760098,0.7824701225716272,-0.1471787891882855,-0.5697660515431772
3.68,-0.1589616613182421,0.7923822532200979,-0.10433735833702404,-0.5796346685202223
3.69,-0.1137329502783532,0.7991816818851134,-0.06104307206171568,-0.5870658100381144
3.7,-0.06807692539010723,0.8028422139790813,-0.017466153406037323,-0.5920332793184283
3.71,-0.022181674039676566,0.8033482398161641,0.026222236700396015,-0.5945195037801102
3.72,0.023764043936966614,0.8006921188610838,0.06985049424251172,-0.5945134089708958
3.73,0.06957131923441522,0.7948874228761312,0.11324728728178106,-0.5920212403404524
3.74,0.11505151161275613,0.7859520947781127,0.15624160514523994,-0.5870528168646006
3.75,0.16001774582089887,0.773920234450103,0.19866430767736531,-0.5796311750686749
3.7600000000000002,0.20428584386902424,0.7588406174186633,0.2403489234684937,-0.569791369843277
3.77,0.24767273513516855,0.7407668368023016,0.281130053730161,-0.5575724041886654
3.7800000000000002,0.2900016522565864,0.7197729776023558,0.320848277408595,-0.5430300887080229
3.79,0.3310983264189777,0.6959394349345267,0.3593465093327861,-0.5262254148002108
3.8000000000000003,0.37079328688319013,0.6693574812644929,0.39647212774715357,-0.5072283084731881
3.81,0.4089258022862377,0.6401347265036738,0.43208057934948146,-0.4861221261706012
3.8200000000000003,0.44533707400865974,0.60838194115716,0.46602908697687156,-0.46299282447906437
3.83,0.47987937500499106,0.574225723018615,0.4981850114849014,-0.43793938793825526
3.84,0.5124116725876529,0.5378008102182034,0.5284218202253471,-0.4110675071884823
3.85,0.5427980519060921,0.49924769654511186,0.556617641297559,-0.3824876166523528
3.86,0.5709175622392553,0.45872119453360677,0.5826641940559176,-0.3523219617481479
3.87,0.5966525702350504,0.4163788614358057,0.6064562044076628,-0.3206950539494582
3.88,0.6198980141452584,0.372387651824373,0.6278997797593825,-0.28773916755757667
3.89,0.6405611782600278,0.32692235187440427,0.6469121875724219,-0.2535930529363722
3.9,0.6585534694119567,0.2801601001093261,0.6634144182995692,-0.21839740723038464
3.91,0.6738051059626812,0.23228695258522342,0.677344433775124,-0.1823003174039614
3.92,0.6862525729856723,0.1834913248018183,0.688645843486296,-0.14545182968973402
3.93,0.6958432283111795,0.1339652342061724,0.6972720516618037,-0.10800498537301338
3.94,0.7025420622084252,0.08390502220106302,0.7031923364425399,-0.07011643462625253
3.95,0.7063176177988068,0.033507676459089274,0.7063791726409948,-0.031943369747944046
3.96,0.7071571289969535,-0.017027633517405716,0.7068218484345595,0.0063551671304775195
3.97,0.7050582803857935,-0.06750136569439483,0.7045190497740496,0.044619796805595136
3.98,0.7000262215175665,-0.11771400962552421,0.6994761743017067,0.08269114418263879
3.99,0.6920864815182043,-0.16746783747972743,0.6917169420003155,0.12041124075919056
4.,0.6812693971118196,-0.21656600044744329,0.6812693949306122,0.1576228269761464
4.01,0.667619460162149,-0.26481459048621414,0.6681743020271799,0.19417102025984032
4.0200000000000005,0.6511934359714978,-0.3120231996596041,0.652483468093752,0.2299037807716945
4.03,0.6320589882529859,-0.3580054648290894,0.6342585022231723,0.2646723619675964
4.04,0.6102948421289262,-0.40257988366763015,0.6135709666486993,0.2983319808090871
4.05,0.5859906330793048,-0.44557057252091725,0.5905022455519312,0.3307424402539897
4.0600000000000005,0.5592463213718887,-0.4868079420748654,0.5651430245638063,0.36176868484150176
4.07,0.5301718869258428,-0.5261293747168534,0.5375930217081538,0.3912813569484936
4.08,0.4988868746677257,-0.5633798406564451,0.5079605854213847,0.41915730245574284
4.09,0.46551990781767283,-0.5984125413232626,0.47636226496646256,0.44528009832268617
4.1,0.4302081941984488,-0.6310895263537248,0.4429223745049584,0.4695405581943857
4.11,0.3930968413650157,-0.6612820683003189,0.40777238509713937,0.49183703910066834
4.12,0.35433877923797075,-0.688871993405885,0.3710508702927664,0.5120765295773568
4.13,0.31409290862522427,-0.7137501355211113,0.3329018357394852,0.530173384690681
4.14,0.27252517246573055,-0.7358197256859373,0.29347571589794513,0.5460520953784026
4.15,0.2298062349060528,-0.7549937582840522,0.252927272849885,0.5596451337421658
4.16,0.1861119467262939,-0.7711975370283842,0.21141604359919086,0.5708950316699432
4.17,0.14162212153753334,-0.7843682539997932,0.16910524549343153,0.5797540321181756
4.18,0.09651969929267096,-0.7944541573437733,0.12616102180840125,0.5861834065590029
4.19,0.05099048871305109,-0.8014173953958632,0.08275225118209517,0.5901557712973295
4.2,0.005221830803744113,-0.805230746563301,0.039049316685565286,0.5916524137230372
4.21,-0.04059771190582508,-0.8058808949236036,-0.0047761252221915,0.5906659579351923
4.22,-0.08627941450671653,-0.8033665103121369,-0.048552110229928336,0.5871987913089841
4.23,-0.131634896692981,-0.7976982204998612,-0.09210681592526261,0.5812630366627225
4.24,-0.17647737039316908,-0.7889011377517551,-0.13526963275370554,0.5728825956279284
4.25,-0.2206215248012812,-0.7770098988997256,-0.17787112976921982,0.5620891099508227
4.26,-0.26388560040921166,-0.7620745855608078,-0.21974481086103573,0.5489267563706378
4.2700000000000005,-0.30609038101521346,-0.7441541456046514,-0.2607263114020542,0.533446900173052
4.28,-0.34706211910898704,-0.7233226002912864,-0.30065590403403136,0.5157131090348455
4.29,-0.386630601020787,-0.6996622611919009,-0.3393768775005953,0.49579565309062995
4.3,-0.4246329428149658,-0.673269868634813,-0.37673881390916814,0.47377644579167905
4.3100000000000005,-0.4609107036463502,-0.644249798763365,-0.41259512517390073,0.4497435516112845
4.32,-0.4953145325265365,-0.6127199279403683,-0.44680708733872343,0.42379588462049633
4.33,-0.5277003517102797,-0.5788050464107543,-0.4792405511089,0.3960379023185633
4.34,-0.5579347841989576,-0.5426422472513568,-0.5097706743459557,0.3665838967092749
4.3500000000000005,-0.5858904821247047,-0.504374756506769,-0.5382778699681491,0.3355530464011726
4.36,-0.6114522166121543,-0.4641566622828519,-0.5646531349586066,0.3030731497662193
4.37,-0.6345112511867845,-0.4221472189224573,-0.5887931458102518,0.2692760871679815
4.38,-0.6549730084965909,-0.3785153925713929,-0.610606988742296,0.23430136241151311
4.39,-0.6727489020594515,-0.33343380132746736,-0.6300090074569303,0.19829132885240533
4.4,-0.6877657172200473,-0.28708301935536373,-0.6469270586579611,0.1613944856814619
4.41,-0.6999577437880864,-0.23964696953970172,-0.6612956046110142,0.12376189109240623
4.42,-0.7092734577716829,-0.1913146950103483,-0.6730616151015103,0.08554844138603591
4.43,-0.7156716728140793,-0.1422783678462607,-0.6821811850129461,0.046911331895085194
4.44,-0.7191230373784493,-0.09273274614876868,-0.6886208739212689,0.008009565972403366
4.45,-0.7196117551031737,-0.04287481426271437,-0.6923592415815416,-0.030996391844448523
4.46,-0.7171311929310563,0.007097654871082257,-0.6933829739665123,-0.06994568312037722
4.47,-0.7116909593372642,0.0569864084795524,-0.6916931798618717,-0.10867751349514772
4.48,-0.7033077608131848,0.10659348446171144,-0.687297281869585,-0.14703153210020412
4.49,-0.6920157948302492,0.15572273869938444,-0.680218286732981,-0.18484939755384452
4.5,-0.6778557158673424,0.20417912800221236,-0.6704849641809755,-0.22197386785087914
4.51,-0.6608848862693153,0.25177163297127664,-0.6581410255584786,-0.2582515247593675
4.5200000000000005,-0.6411680823741531,0.29831150202197115,-0.6432368245980842,-0.293531048683144
4.53,-0.6187842821152875,0.34361550625018633,-0.6258354703830963,-0.3276661230866789
4.54,-0.5938216192382435,0.3875045328849982,-0.6060083106047537,-0.3605141205396165
4.55,-0.5663790253346419,0.4298054296616275,-0.5838364408758971,-0.39193768784025007
4.5600000000000005,-0.5365684572945293,0.4703534042638289,-0.5594127508013961,-0.4218068113040864
4.57,-0.5045055456264601,0.5089862440857562,-0.5328334626626744,-0.44999373252115743
4.58,-0.47032165955324556,0.5455548410786133,-0.5042091433485614,-0.47638207103082764
4.59,-0.4341535501707251,0.5799153787771302,-0.4736552910620557,-0.5008600145901105
4.6000000000000005,-0.39614512737912033,0.6119316585447541,-0.44129398279126275,-0.5233223115550842
4.61,-0.35645216198234925,0.6414823113821171,-0.4072582717286133,-0.5436764266496612
4.62,-0.31523251746657854,0.6684489533356444,-0.37168316007994057,-0.561832376418193
4.63,-0.27265365141011483,0.6927287713633055,-0.3347126545914727,-0.5777134532835677
4.64,-0.22888833647778772,0.7142293068108788,-0.2964958132182305,-0.5912517496022724
4.65,-0.1841121810196626,0.7328642076290164,-0.2571844097741069,-0.6023845395999873
4.66,-0.1385081089032414,0.7485669133627632,-0.21693737650488457,-0.6110658415465225
4.67,-0.09226037971123059,0.76127551448875,-0.1759149914896616,-0.6172535982156437
4.68,-0.045556684225627884,0.7709424743854997,-0.13428108296625146,-0.6209178610807203
4.69,0.0014127477810670763,0.7775360284089853,-0.092202303352842,-0.6220419351211877
4.7,0.04845720352779896,0.7810287358646051,-0.04984589282839941,-0.6206127530171538
4.71,0.09538510418307146,0.7814141380177881,-0.007380657308690256,-0.6166348080982579
4.72,0.14200516481598652,0.7786936292800541,0.03502454964918042,-0.6101191485929741
4.73,0.18812689726373838,0.7728792150958427,0.07720115783445124,-0.6010856678193647
4.74,0.23356276181216545,0.7640022901816546,0.11898241063656102,-0.5895703764103694
4.75,0.27812600709962754,0.7520979222487277,0.16020209478006292,-0.5756123313883642
4.76,0.32163482841856994,0.7372192314615142,0.20069759500730933,-0.5592655277884172
4.7700000000000005,0.3639114649006028,0.719430708220543,0.24030936588935656,-0.5405933396097451
4.78,0.4047806827498137,0.6988031787082973,0.27887980976859084,-0.5196643583959792
4.79,0.4440767892520448,0.675426888088763,0.3162588494996897,-0.4965631061866195
4.8,0.48163661372939287,0.6493964011792244,0.3522984261436015,-0.47137763526343823
4.8100000000000005,0.5173050873020902,0.6208188715931666,0.3868570106339019,-0.44420625911370415
4.82,0.5509369688381192,0.5898145395382873,0.4198010735596783,-0.4151579076371009
4.83,0.5823898095187187,0.5565070184951892,0.4509993710416935,-0.38434423821463476
4.84,0.6115357760220695,0.5210353190508692,0.4803327006510533,-0.3518892860029517
4.8500000000000005,0.6382529961257036,0.48354383281883495,0.5076868026553698,-0.3179213796517847
4.86,0.6624277294195553,0.44418376362821865,0.5329541782297088,-0.2825742605754555
4.87,0.68396229487217,0.403117829926115,0.5560407463623585,-0.24599072717619747
4.88,0.7027622011635688,0.3605107559363978,0.5768551007354519,-0.20831514018487818
4.89,0.7187492243232547,0.3165362733524338,0.5953195161902489,-0.16969879540989166
4.9,0.7318561469036086,0.2713731754351856,0.6113655585057128,-0.130296808551435
4.91,0.7420219270469677,0.2252028128690893,0.6249300159135842,-0.09026620014293961
4.92,0.7492058916909646,0.17821315793568626,0.635966960845631,-0.049768736223335344
4.93,0.7533722115958208,0.13059337133181617,0.6444345886370938,-0.008966984213102783
4.94,0.7544993973195858,0.08253546622827643,0.6503033219144351,0.03197468208408011
4.95,0.752581999748037,0.03423341923420761,0.6535573004432392,0.07289091206543312
4.96,0.7476188091813342,-0.014118485444697002,0.6541842962547348,0.11361627637552935
4.97,0.7396293215062655,-0.06232591744575399,0.6521898692874137,0.15398620480722178
4.98,0.7286409376947305,-0.11019516561005788,0.6475863914350821,0.19383699867743212
4.99,0.7146912167865738,-0.15753371080630926,0.6403950010997764,0.2330064179508204
5.,0.6978366494487566,-0.20415278808489654,0.630653225868109,0.2713362540120887
5.01,0.6781372765413841,-0.24986457635549297,0.6184016746450673,0.30866925942886403
5.0200000000000005,0.655670227202032,-0.2944868784364775,0.603695825034507,0.3448537428362747
5.03,0.6305235955301675,-0.3378420856456582,0.5866007289026223,0.37974242017697285
5.04,0.6027912885809976,-0.3797553034085205,0.5671865233949115,0.41319058566845873
5.05,0.5725853227740076,-0.420061981571704,0.5455392551185853,0.4450631945343293
5.0600000000000005,0.5400217802769753,-0.4586003309136326,0.521748557962448,0.4752277488518791
5.07,0.50522806958262,-0.49521704006196077,0.4959140881520507,0.5035595252031304
5.08,0.4683435382356737,-0.5297692775342475,0.4681461232097149,0.5299433291472897
5.09,0.4295104871818978,-0.5621170875257551,0.43855757831338926,0.5542665679673049
5.1000000000000005,0.38888467385788533,-0.5921356661891692,0.4072734652834631,0.5764302785884523
5.11,0.3466265933003164,-0.6197065288517037,0.37442309232553533,0.5963411491322865
5.12,0.30290240109117755,-0.6447194005001413,0.3401409265507855,0.6139131911232966
5.13,0.25788781738425676,-0.6670806045921629,0.3045702597151203,0.6290751550815313
5.14,0.21176017601917885,-0.686699743857638,0.26785589110404123,0.6417586933140922
5.15,0.16470372803706745,-0.7035028352563231,0.2301491782759033,0.6519099434776788
5.16,0.11690649484550103,-0.7174272696848943,0.19160515194169359,0.6594850455388092
5.17,0.06855824642089405,-0.7284165305459542,0.15238057928569942,0.6644454878058477
5.18,0.019852873906437387,-0.7364346669173731,0.1126365766281773,0.6667707541686778
5.19,-0.02901512672700096,-0.7414507064295067,0.07253497934398175,0.666444671965109
5.2,-0.07785018287632459,-0.743447827995802,0.03223912265875995,0.6634633941566193
5.21,-0.12645672645996062,-0.7424254249865728,-0.008086987650251953,0.6578371573540006
5.22,-0.17463940045390236,-0.7383870394588024,-0.048279352206630335,0.649579794932732
5.23,-0.22220533320767838,-0.7313566750522499,-0.08817522066201555,0.6387228357514945
5.24,-0.2689632825480895,-0.7213663436704619,-0.12761288550347533,0.6253047142314601
5.25,-0.31472439464738494,-0.7084578660610416,-0.16643224717891186,0.609372310981206
5.26,-0.35930595158824186,-0.6926917995848109,-0.2044776001942811,0.5909885929556072
5.2700000000000005,-0.40252662965968605,-0.6741321988335196,-0.24159426870332731,0.5702195221478685
5.28,-0.44421277915512425,-0.6528596423626754,-0.2776333512377409,0.5471451790790269
5.29,-0.48419681961578176,-0.6289655671672163,-0.31245060053045065,0.5218548912437038
5.3,-0.5223145268914174,-0.6025469035811362,-0.3459043635408408,0.4944426556270966
5.3100000000000005,-0.5584143309224846,-0.5737180803360434,-0.3778628893931685,0.46501728398791514
5.32,-0.5923480212219463,-0.5425975183409941,-0.4081970810992388,0.4336909537598024
5.33,-0.6239771689540998,-0.509314305961991,-0.43678560322813104,0.4005848109919126
5.34,-0.6531755299703796,-0.4740090184054669,-0.4635168533140934,0.3658296085000955
5.3500000000000005,-0.6798200704681936,-0.436824974865882,-0.4882818037201221,0.32955838485124206
5.36,-0.7038046337496917,-0.3979180713795352,-0.5109850243184737,0.29191458697401057
5.37,-0.7250302020517637,-0.35744871582594046,-0.5315368639068347,0.25304536169858216
5.38,-0.7434065581538902,-0.3155824351501792,-0.5498548098926481,0.2131020314731511
5.39,-0.7588615809098289,-0.27249353173763163,-0.5658710830898211,0.1722429801654391
5.4,-0.7713266922791334,-0.22835776388447032,-0.5795207974617915,0.1306277459595048
5.41,-0.7807506252079723,-0.1833569368843877,-0.5907532327217458,0.08842057597393618
5.42,-0.7870943325400391,-0.1376761393814819,-0.5995276966978977,0.04578818170292771
5.43,-0.7903250012157995,-0.09150188021185886,-0.6058086207218483,0.0028983096225748545
5.44,-0.7904312416087079,-0.04502384204962659,-0.6095780881588961,-0.04007922992184691
5.45,-0.7874069225077037,0.0015679060467981148,-0.610822525661362,-0.08297446326691763
5.46,-0.7812602165235573,0.04808285245617126,-0.6095401895823065,-0.12561750596703783
5.47,-0.7720160101298819,0.09433119684307319,-0.6057431893510001,-0.1678396550527416
5.48,-0.7597033218636098,0.14012352145958945,-0.5994470644866239,-0.20947268068584177
5.49,-0.7443716435488573,0.185273713501801,-0.5906843815028726,-0.2503519374919624
5.5,-0.7260786420647325,0.22959764963825055,-0.5794945211987839,-0.29031480041785107
5.51,-0.7048915049663244,0.2729139090580577,-0.5659248090354182,-0.32920133673098634
5.5200000000000005,-0.6808959662405658,0.3150479352583958,-0.550038081228363,-0.3668582697452597
5.53,-0.6541811955207262,0.3558267013172558,-0.531900052952528,-0.4031337831221382
5.54,-0.6248522092570782,0.39508531979476,-0.5115897407267532,-0.4378837564280165
5.55,-0.5930246249776886,0.4326654210975494,-0.48919508139920154,-0.47097016684171117
5.5600000000000005,-0.5588191625633411,0.46841206488222786,-0.4648083113352901,-0.5022581846674709
5.57,-0.5223730344445334,0.5021834371164416,-0.43853560530125524,-0.5316251137659026
5.58,-0.48382724874552874,0.53384125954977,-0.41048635627743046,-0.5589515071632779
5.59,-0.44333248530215474,0.5632570983621292,-0.3807781741986565,-0.5841269396233675
5.6000000000000005,-0.4010499546231729,0.5903150401201624,-0.34953765150159416,-0.60705241174463
5.61,-0.3571432796422234,0.6149023669266539,-0.31689344489954674,-0.6276318324706652
5.62,-0.31178704942414626,0.6369232495976739,-0.28298364180153773,-0.6457844384400272
5.63,-0.2651597858953564,0.6562891689733183,-0.24794973677325394,-0.6614360804727504
5.64,-0.21744419959867012,0.6729201883819053,-0.21193686910898765,-0.6745203646092137
5.65,-0.168830066417307,0.6867544408322296,-0.175096398391194,-0.6849871864161354
5.66,-0.11950827565153849,0.697733588842928,-0.13758067811850672,-0.6927896171265759
5.67,-0.06967399516079711,0.7058161670593338,-0.09954594881530067,-0.6978958892888261
5.68,-0.019524478305807225,0.7109729028164996,-0.061150426585573084,-0.7002851726447685
5.69,0.030742258436199446,0.7131804646072506,-0.022553080544154128,-0.6999419612496947
5.7,0.08092724325692538,0.7124363890937229,0.016085901576692038,-0.696869423164344
5.71,0.1308316780142113,0.7087434305987748,0.05460636855458181,-0.691075388679749
5.72,0.1802578229211349,0.7021179456423569,0.09284876425425309,-0.682579833868272
5.73,0.2290104828566985,0.6925925563294303,0.13065529985971347,-0.671417241612756
5.74,0.2768952853967683,0.680203784103014,0.16786878593662014,-0.6576255693656584
5.75,0.3237234036134289,0.6650075923991053,0.20433620986824594,-0.6412600835292557
5.76,0.36930899160459696,0.6470678920925119,0.23990685461722847,-0.6223831181295315
5.7700000000000005,0.41346990509707954,0.6264574079856643,0.2744328745495293,-0.6010648411991164
5.78,0.4560330789523437,0.6032664293705866,0.30777354487993175,-0.5773910174394009
5.79,0.4968274028823125,0.5775884880093074,0.33978968462951037,-0.5514502880995616
5.8,0.5356917099586807,0.5495317266478061,0.3703499987503488,-0.5233442486768473
5.8100000000000005,0.5724727973127909,0.5192142690537411,0.39932953936635884,-0.4931833355600897
5.82,0.6070214271516728,0.48675881848971303,0.4266065258842524,-0.46108203911471235
5.83,0.6392036267297576,0.4523031446669393,0.45207141269659123,-0.427168174327562
5.84,0.668889565584286,0.4159885288438241,0.47561798378599807,-0.39157265824436943
5.8500000000000005,0.6959603966140601,0.3779647971568623,0.49714886265646124,-0.35443395158286223
5.86,0.7203114548091227,0.3383912163370533,0.5165781091622825,-0.31589883916287553
5.87,0.7418415724224042,0.2974291343175561,0.5338226071069613,-0.27611593887764385
5.88,0.760468070486375,0.25524930450693356,0.548814187082737,-0.23524214068735483
5.89,0.7761164237413554,0.2120258656050955,0.5614912802000275,-0.19343730504234916
5.9,0.7887212063923762,0.16793634589100465,0.5717996879042178,-0.15086426234663555
5.91,0.7982365418797622,0.12316390740169607,0.5797010602763903,-0.1076907600120166
5.92,0.8046203574956976,0.0778925528021746,0.5851601336837658,-0.06408527523317015
5.93,0.8078483122735781,0.032309238053641776,0.5881560362123612,-0.02021883010912552
5.94,0.8079091476663175,-0.013397874989277914,0.5886785196150537,0.023736539432043208
5.95,0.8047976871141284,-0.05904030282420783,0.5867222761736574,0.06760853830380509
5.96,0.7985305303163533,-0.10443006311469133,0.5822996913102948,0.11122541113953592
5.97,0.789129813417296,-0.1493797135700441,0.5754276500075101,0.15441590615069373
5.98,0.7766314807301437,-0.193703731685928,0.5661342594281866,0.19701053656815334
5.99,0.7610883407951906,-0.23722020696193252,0.5544613320469788,0.23884309734638998
6.,0.742557121037124,-0.279748277490107,0.5404538653713884,0.2797483318804015
6.01,0.7211141563797085,-0.32111373165308593,0.5241727872826341,0.31956697793953004
6.0200000000000005,0.6968439701317106,-0.36114586000685467,0.5056856760801781,0.3581429214154693
6.03,0.669839723991976,-0.39967803440534183,0.4850671245082371,0.39532371343309325
6.04,0.6402121548516507,-0.43655365079437164,0.46240598639763125,0.43096589474357194
6.05,0.608075230905588,-0.4716182358179554,0.43779373611600275,0.4649279150268221
6.0600000000000005,0.5735571045735477,-0.5047277930685644,0.41133334186513165,0.49707760654847843
6.07,0.5367957987035358,-0.5357468313034541,0.3831357603915083,0.5272904142099542
6.08,0.4979336480568373,-0.5645438909890937,0.3533154359522161,0.5554453904777742
6.09,0.4571273799486633,-0.5910032530901339,0.3219984311282512,0.5814356699583465
6.1000000000000005,0.4145371080044874,-0.6150135331858553,0.28931353606323196,0.6051582644288346
6.11,0.370330792954876,-0.636474319786815,0.25539585157084743,0.6265200009320695
6.12,0.3246851482178131,-0.6552996523468619,0.22038749311185662,0.6454406339824358
6.13,0.277778737211712,-0.671407027556454,0.18443205457230305,0.6618430107773663
6.140000000000001,0.22979836412537646,-0.6847322525364834,0.14767968063162112,0.6756663635817562
6.15,0.180933769923709,-0.6952193861429667,0.11028283011090603,0.6868573109814323
6.16,0.13137743335810076,-0.702821250841857,0.0723961064767082,0.6953703174396798
6.17,0.08132617441398277,-0.7075099178355118,0.03417744821423993,0.7011770898508037
6.18,0.030977392633631473,-0.7092612004197878,-0.004214775235592161,0.7042526883902213
6.19,-0.01946983811507315,-0.7080679111281667,-0.04262102633570603,0.7045874148460821
6.2,-0.06981619092327951,-0.7039356796776405,-0.08088171829847315,0.7021830715296051
6.21,-0.11986246894942464,-0.6968758264667864,-0.11883744204752505,0.6970465686527616
6.22,-0.16941164488093508,-0.6869204403658592,-0.1563308346645995,0.6892034779752569
6.23,-0.21826769499662624,-0.6741069843133196,-0.19320542729009615,0.6786842050677581
6.24,-0.2662375698498089,-0.6584857358281891,-0.22930736228506426,0.6655306899539671
6.25,-0.31313327616320474,-0.6401229526044265,-0.26448714964808023,0.6497992760927173
6.26,-0.35876818175050135,-0.6190884959559007,-0.29859646650951804,0.6315495578844642
6.2700000000000005,-0.4029639445028587,-0.5954702811253653,-0.3314940509111565,0.6108574433554734
6.28,-0.4455465482106154,-0.5693639173956488,-0.3630423042195932,0.5878058067190437
6.29,-0.4863467231114182,-0.5408727297182209,-0.393107638259904,0.5624845152862246
6.3,-0.5252069248028108,-0.5101160369878357,-0.4215663339585697,0.5349979705805302
6.3100000000000005,-0.5619720773793676,-0.4772160852452287,-0.448296744531809,0.5054532403504544
6.32,-0.5964988437643157,-0.44230759251824453,-0.4731870590265271,0.4739687804383327
6.33,-0.6286535597187852,-0.40553408526946055,-0.4961335523434862,0.44067112065329067
6.34,-0.6583069307410866,-0.3670427466360102,-0.5170361480960871,0.40569015025569266
6.3500000000000005,-0.6853469760519517,-0.3269930661270948,-0.5358091967353193,0.36916712841234506
6.36,-0.709666559525874,-0.28554743544421884,-0.5523710782280198,0.3312460140216517
6.37,-0.7311702541249122,-0.2428746142673967,-0.5666499019570673,0.2920767171156853
6.38,-0.7497783741323801,-0.1991504432455993,-0.5785868351542206,0.2518158351454102
6.390000000000001,-0.7654148932782543,-0.15455218246563734,-0.5881260774434917,0.21062131878619292
6.4,-0.7780231957997281,-0.10926318294840132,-0.5952278885868455,0.168657024767156
6.41,-0.7875556127327373,-0.06346885504438257,-0.5998599185290208,0.12608887005096553
6.42,-0.7939735211712636,-0.017356337715908526,-0.6019972833707272,0.08308454192364634
6.43,-0.7972586342142303,0.028884952390136952,-0.6016318536066158,0.039814288112235266
6.44,-0.7973966232027829,0.0750654143842203,-0.598758756223364,-0.0035513741246777086
6.45,-0.7943906757671318,0.12099553572562652,-0.5933875097968752,-0.046841530229269866
6.46,-0.7882574929410627,0.16648686504520085,-0.5855387149349665,-0.08988583346538793
6.47,-0.7790195116491894,0.21135163457002776,-0.5752376714495877,-0.13251438360641227
6.48,-0.7667205326954962,0.2554062682610561,-0.5625271428313555,-0.1745603893277615
6.49,-0.7514099949871088,0.29846874496916526,-0.5474544909962358,-0.21585827409789093
6.5,-0.7331501979363373,0.34036114690652175,-0.5300775526181712,-0.25624572100232945
6.51,-0.7120198491690589,0.3809121428584263,-0.5104674934370899,-0.29556575755408476
6.5200000000000005,-0.6881012561137123,0.4199520666686018,-0.48869839800993253,-0.3336627769632279
6.53,-0.6614948038535029,0.45732105949024104,-0.4648589663785123,-0.370389297615006
6.54,-0.6323087612155994,0.4928643514499361,-0.43904424916565343,-0.4056020930046253
6.55,-0.6006589226950666,0.5264324328966868,-0.41135534740558166,-0.43916235119978286
6.5600000000000005,-0.566677033170682,0.5578888639347812,-0.38190612564886073,-0.4709422994165448
6.57,-0.5304977558459176,0.5870999316168662,-0.3508127734611546,-0.5008164786882243
6.58,-0.4922678462799611,0.6139444396516961,-0.3182010731676302,-0.5286700837166639
6.59,-0.4521427694011992,0.6383116468310372,-0.2842036679399401,-0.5543972436135431
6.6000000000000005,-0.4102814363726658,0.6600953117591377,-0.24895590386647906,-0.5778959405473408
6.61,-0.3668545272594951,0.6792072468756399,-0.21260226207442418,-0.5990796683814623
6.62,-0.3220355260096089,0.6955643912325326,-0.17528937103601822,-0.6178663394728233
6.63,-0.27600376857976555,0.7090954958076527,-0.13716830043606607,-0.634184062462458
6.640000000000001,-0.22894514509294703,0.719745490585114,-0.09839498556431643,-0.6479749501361495
6.65,-0.18104680259533518,0.7274629604807673,-0.059126274815652406,-0.6591842846566955
6.66,-0.13250114753802258,0.7322158422827691,-0.019522683612050146,-0.6677741671055719
6.67,-0.08350230055191701,0.7339811750609742,0.020254182807060095,-0.6737146299070405
6.68,-0.03424568398958829,0.7327447496564382,0.060041961076398566,-0.6769833408645638
6.69,0.015071920548629363,0.7285124399449142,0.09967791370422402,-0.6775755349620114
6.7,0.06425373545449892,0.7212940301663248,0.13899945547141535,-0.6754898751368794
6.71,0.11310389731738762,0.711116103823061,0.1778454104891257,-0.6707397781689217
6.72,0.1614282933410384,0.6980184648128335,0.21605657968405342,-0.6633503023294568
6.73,0.2090337582872898,0.6820462755767766,0.25347476525132784,-0.6533512314211822
6.74,0.25573240214906934,0.6632649809143558,0.28994698472791897,-0.6407902895441339
6.75,0.3013382330479859,0.6417454662303176,0.32532206220493975,-0.6257200283909053
6.76,0.34566995738193784,0.6175704541335502,0.3594532328980059,-0.6082035221213286
6.7700000000000005,0.3885538320752511,0.5908380468911762,0.3922006867328211,-0.5883175652807793
6.78,0.42981795754966795,0.5616496225233315,0.4234262937716563,-0.5661418824664639
6.79,0.469301182476538,0.5301229403074207,0.4530016229204467,-0.5417709064836665
6.8,0.5068480191253101,0.49638302031819104,0.48080330448742437,-0.5153056216915615
6.8100000000000005,0.5423085395200122,0.4605614560540302,0.5067129174910677,-0.4868529594550114
6.82,0.5755468992080048,0.4228039575819072,0.5306244883781165,-0.45653270407206964
6.83,0.6064301968561736,0.3832587977136553,0.5524346312005903,-0.42446698763856167
6.84,0.634838636651532,0.3420844763611605,0.5720514424205826,-0.3907873661717858
6.8500000000000005,0.6606636065817213,0.29944689810595787,0.5893927724190143,-0.35563228642404765
6.86,0.6838011004526175,0.25551473540137465,0.60438047887029,-0.31914278760135445
6.87,0.7041659355414039,0.21046603726450847,0.6169527330329575,-0.281468824963249
6.88,0.7216783869209588,0.16448104243991352,0.6270524187253766,-0.242762479763449
6.890000000000001,0.7362707464040092,0.11774424377186996,0.6346327770680456,-0.20318002322245643
6.9,0.7478921579394935,0.0704446745524269,0.6396615278169027,-0.1628823696245164
6.91,0.7564954817884318,0.022772152733558246,0.6421095765446843,-0.12203126948150363
6.92,0.7620532699996652,-0.025080682760386414,0.641964666464476,-0.08079175309668926
6.93,0.7645475679483891,-0.07292059017736695,0.6392226336821825,-0.039329779354146326
6.94,0.763969119189526,-0.12055410756535057,0.6338867185423414,0.002188128222044089
6.95,0.7603291299871405,-0.16778887174497378,0.6259775275023187,0.04359550606047171
6.96,0.7536428115696381,-0.21443300660291667,0.615519057114779,0.08472613616327179
6.97,0.7439421065548322,-0.26029754284159007,0.6025494375947104,0.12541557232597098
6.98,0.7312724451102208,-0.3051968993552499,0.5871181580497351,0.16550169078619506
6.99,0.7156844927007695,-0.3489470458566638,0.5692791088838849,0.20482347120037492
7.,0.6972491358010057,-0.39137162915390183,0.5491031226878063,0.24322559355108772
7.01,0.6760428033760302,-0.43229690369180385,0.5266656587705792,0.2805547296986064
7.0200000000000005,0.6521534529129409,-0.47155510933516553,0.5020517804669662,0.31666217253885975
7.03,0.6256843773707608,-0.5089879398613698,0.4753592740582572,0.3514066306746015
7.04,0.5967420573682192,-0.5444392955384063,0.4466885620973518,0.38464855968817974
7.05,0.5654489144194265,-0.5777656572345384,0.4161531935925159,0.41625846245735515
7.0600000000000005,0.5319346024866697,-0.6088301609177098,0.3838726384573635,0.4461122038483465
7.07,0.49633500877946307,-0.6375021164485213,0.34997145337891833,0.4740906416336185
7.08,0.45879970447288576,-0.6636666346139896,0.3145852766566592,0.500087496896975
7.09,0.4194807492292437,-0.6872121144730452,0.27785174624107806,0.5239991812895647
7.1000000000000005,0.37853983110033973,-0.7080410777301024,0.23991618169666687,0.5457336997994842
7.11,0.3361457365980137,-0.7260682812783773,0.20092949402847254,0.5652091457979832
7.12,0.2924697801326982,-0.7412132896855821,0.1610445679392683,0.5823475863144207
7.13,0.24769192766147105,-0.7534155606698463,0.12042090319262724,0.5970875920366652
7.140000000000001,0.20199417395973607,-0.7626204118378109,0.07921950249840035,0.6093726129295278
7.15,0.15556223941564618,-0.7687854526324928,0.03760406544906076,0.6191563515262835
7.16,0.1085857747206336,-0.7718858575976827,-0.004259053596960863,0.6264072070369957
7.17,0.06125506280022174,-0.7719005749964954,-0.04620311218228906,0.6310967432204881
7.18,0.013762436921935892,-0.7688284574046431,-0.08806043047051948,0.6332132555764665
7.19,-0.0336995225153542,-0.7626781461226461,-0.12966352474649775,0.6327532922410276
7.2,-0.08093834239187585,-0.7534668096130055,-0.1708453606809407,0.6297206006744307
7.21,-0.12776342775986976,-0.7412320812180423,-0.21144138666281728,0.6241362566559584
7.22,-0.1739848322865213,-0.7260156083355533,-0.2512877805709803,0.6160247435238506
7.23,-0.21941609065857703,-0.7078752700748766,-0.2902244165671272,0.605424350208781
7.24,-0.26387467373606527,-0.6868822803376332,-0.32809514124608674,0.5923847403181974
7.25,-0.3071797510454502,-0.6631127978375991,-0.3647454817982473,0.5769598027851325
7.26,-0.3491588623512857,-0.6366623466080387,-0.40002904615092866,0.5592200269221818
7.2700000000000005,-0.3896424154660527,-0.6076318419402577,-0.43380216089628604,0.5392405400476117
7.28,-0.42846707028345166,-0.5761328768060723,-0.46592703692714127,0.5171056731062305
7.29,-0.4654795276290078,-0.5422914798919077,-0.4962752303856523,0.49291224929241684
7.3,-0.500528774439967,-0.5062365954005924,-0.5247204104433523,0.466759622766534
7.3100000000000005,-0.5334767547441422,-0.4681116127544686,-0.5511481467711211,0.4387597395991192
7.32,-0.5641924137206102,-0.4280665574425816,-0.5754503962098241,0.40903036377890456
7.33,-0.5925508788257917,-0.3862568670189811,-0.597524739240357,0.37769401917842726
7.34,-0.6184434643523834,-0.3428499456029396,-0.6172834043729937,0.34488383604500916
7.3500000000000005,-0.6417648747399446,-0.29801534612526603,-0.6346416753792549,0.31073486478717305
7.36,-0.6624239260866509,-0.251930558626745,-0.6495275214097613,0.2753893014575012
7.37,-0.6803419457100992,-0.20477887555454236,-0.6618801184747475,0.23899463896887868
7.38,-0.6954449743673758,-0.15674552113035028,-0.6716428561513424,0.20170015179684647
7.390000000000001,-0.7076789183417905,-0.10802209221009762,-0.6787768303538362,0.16366113840905702
7.4,-0.7169956688565657,-0.05880157524697846,-0.6832484554794767,0.12503426690109065
7.41,-0.7233591088155898,-0.009279226674128331,-0.6850347876155057,0.0859785187047338
7.42,-0.7267506755964178,0.04034778368512765,-0.684128422155361,0.04665508137558735
7.43,-0.7271554998939477,0.08988209708035333,-0.6805252177081451,0.0072254274975341315
7.44,-0.724578153465977,0.1391266336024517,-0.6742381779339424,-0.03214853248792854
7.45,-0.7190330078065401,0.1878852393956374,-0.6652889287622876,-0.07130532333086576
7.46,-0.7105425698291596,0.23596284965229158,-0.6537062458148636,-0.11008409842938335
7.47,-0.6991493557501226,0.283168743976769,-0.6395364499459408,-0.14832694391016704
7.48,-0.6848998353790648,0.3293133548332865,-0.6228293215935614,-0.18587677069497993
7.49,-0.667855980272756,0.37421249952599567,-0.6036481865341469,-0.2225804407587792
7.5,-0.6480927972246742,0.41768765441580175,-0.5820677352080416,-0.2582890769097944
7.51,-0.625689925626637,0.45956255277356634,-0.5581666912823209,-0.29285552038114016
7.5200000000000005,-0.6007454750630641,0.4996717086196055,-0.5320398206544141,-0.32614093749996825
7.53,-0.5733628064246324,0.5378532829848116,-0.5037864376488086,-0.3580093429455125
7.54,-0.5436552069253199,0.5739529205749236,-0.4735144416889696,-0.38833062242765687
7.55,-0.5117496773061709,0.6078283144999895,-0.4413435568401363,-0.4169841823641824
7.5600000000000005,-0.4777759243897856,0.6393398128731291,-0.40739583463496476,-0.4438515370365368
7.57,-0.4418769923593362,0.6683625775770469,-0.3718047619221804,-0.46882601018576553
7.58,-0.40420217434215394,0.6947798714269814,-0.33470915916219357,-0.4918074129094143
7.59,-0.36490560488855467,0.7184817388590186,-0.29625196848381397,-0.5127009980690257
7.6000000000000005,-0.3241522977763859,0.7393762555183323,-0.25658533549813695,-0.531426538001389
7.61,-0.28210921484694274,0.757375279328621,-0.2158630422760726,-0.5479068594517026
7.62,-0.23895023469326393,0.772405853798353,-0.1742446440135364,-0.5620770728064003
7.63,-0.19485431647771823,0.7844087280872768,-0.13189388251189202,-0.5738834014535092
7.640000000000001,-0.15000201436614133,0.7933295900307044,-0.08897580053061799,-0.5832760788891282
7.65,-0.1045790439802945,0.7991352215346167,-0.045659541119569325,-0.5902224989490512
7.66,-0.05877218598967046,0.801798876382417,-0.002115048073868517,-0.5946953308946817
7.67,-0.012769774514039392,0.8013061641666424,0.04148662977128773,-0.5966773243314724
7.68,0.033238907496815295,0.7976611513864338,0.08497400435281653,-0.5961663102344616
7.69,0.07906459037267587,0.7908717014656795,0.12817568122237832,-0.5931632259425196
7.7,0.12451928988077393,0.7809655350416729,0.1709218319545375,-0.5876852714343859
7.71,0.1694164674773018,0.7679805930266806,0.2130441278984406,-0.5797580282696537
7.72,0.213571035005761,0.7519628870254815,0.2543756979821759,-0.5694137012542917
7.73,0.2568032021904222,0.7329786929040251,0.29475479960791057,-0.5567011450883488
7.74,0.29893453204316445,0.7110983102879808,0.33402097553672633,-0.5416725243672447
7.75,0.3397925572690588,0.6864072807482006,0.37201938739498575,-0.5243925499642389
7.76,0.37921108267183395,0.6590042122117047,0.4086010398585182,-0.5049366998583822
7.7700000000000005,0.4170262924256878,0.6289921545828221,0.4436191434321072,-0.48338411506492585
7.78,0.45308577607285966,0.5964920969208078,0.4769374179644401,-0.4598287448153655
7.79,0.4872410331555216,0.5616302115248344,0.5084231673597308,-0.4343688222056376
7.8,0.5193511904761903,0.5245419919415739,0.5379506725877532,-0.40711028885466716
7.8100000000000005,0.5492878785327063,0.48537601222606425,0.5654056136467356,-0.37816991681165996
7.82,0.5769254242667056,0.44428335887120346,0.590676123032009,-0.34766656065634194
7.83,0.6021530727289272,0.4014273389467011,0.6136638765899167,-0.31572921584393016
7.84,0.6248684007897041,0.35697704225549187,0.634278098010808,-0.2824916846808083
7.8500000000000005,0.6449756242850768,0.31110579057566545,0.6524340194367908,-0.24809129083278605
7.86,0.6623970053821145,0.26399642869731305,0.6680631800015344,-0.21267330056081304
7.87,0.6770586222442049,0.21583347395857175,0.6811005623913468,-0.17638437903228604
7.88,0.6889013611212073,0.1668070537635585,0.6914945034279587,-0.13937589542761397
7.890000000000001,0.6978797735168559,0.117111290871133,0.6992056515315335,-0.10180258723375904
7.9,0.7039531357727526,0.06694145413449867,0.7041989092433847,-0.06382016290450784
7.91,0.7071012314194022,0.01649613384739515,0.7064576322854931,-0.025587184524514296
7.92,0.7073102753129253,-0.03402557976889932,0.7059709596136152,0.012737336820431641
7.930000000000001,0.7045781954981286,-0.08442416426366313,0.7027385605663458,0.050993965816899384
7.94,0.6989208212186925,-0.1345008589807213,0.6967761924574011,0.08902378924819353
7.95,0.6903575950651081,-0.184057273295827,0.6881028587862174,0.126668177293273
7.96,0.6789267373162641,-0.2328981762775224,0.6767544324754864,0.16377098949758995
7.97,0.664676356386566,-0.2808308323439648,0.6627756689742341,0.20017807996333506
7.98,0.6476619961713763,-0.32766469811506743,0.6462180027027279,0.23573706223475263
7.99,0.6279582886872951,-0.3732166099590687,0.627150017767301,0.2703015054075677
8.,0.6056441970704177,-0.4173055595410862,0.6056441905609229,0.3037267247383304
8.01,0.5808117234935988,-0.4597574014626585,0.5817847174353498,0.3358735989733499
8.02,0.5535637016087263,-0.5004047471068424,0.5556655339702397,0.3666084951534228
8.03,0.5240124472950057,-0.5390871643801514,0.5273891086060378,0.39580343730814826
8.040000000000001,0.492279682230142,-0.5756519988056046,0.49706637819110644,0.42333677995942265
8.05,0.45849619249835344,-0.6099550633123753,0.4648164473963744,0.44909377388020594
8.06,0.4228010885905011,-0.6418611258649703,0.4307659310146201,0.4729669671366097
8.07,0.3853413363792309,-0.6712444792310754,0.39504853903900067,0.4948566723657742
8.08,0.34627115970065075,-0.6979894088166411,0.35780454749912993,0.5146713500468295
8.09,0.30575140499252584,-0.7219906789218368,0.31918023630590203,0.5323280061816761
8.1,0.26394890613700484,-0.7431539912843609,0.27932732706586205,0.5477525669869737
8.11,0.22103572768331253,-0.7613961564298601,0.23840231078677845,0.5608800183120838
8.120000000000001,0.17718874653061345,-0.7766463567566424,0.1965660883227309,0.5716554346208496
8.13,0.13258826857949185,-0.788844141374123,0.1539827186002644,0.580032342883448
8.14,0.08741818564828104,-0.7979429983549526,0.11081959642760827,0.5859756311179856
8.15,0.04186441911596936,-0.8039071595293452,0.06724603499591052,0.589458941897667
8.16,-0.0038852864475321727,-0.8067142043907812,0.02343311113169768,0.5904667902763447
8.17,-0.049642434117806465,-0.8063542955628415,-0.020447294024499824,0.5889939346995927
8.18,-0.09521836417491181,-0.8028291604999965,-0.06422302894324086,0.585044544216092
8.19,-0.14042523436411786,-0.7961547580053623,-0.10772251203784951,0.5786343597505177
8.2,-0.18507646259217925,-0.7863577486753562,-0.15077516271229674,0.5697878177578213
8.21,-0.2289878709172684,-0.7734785860805486,-0.19321238190433868,0.5585405534357184
8.22,-0.2719782049949157,-0.7575693490861783,-0.2348680359944898,0.5449376299433213
8.23,-0.31386962029989274,-0.7386935972041179,-0.27557888925394075,0.529033414253732
8.24,-0.3544895224727734,-0.716928446224392,-0.3151862124741626,0.5108932415608802
8.25,-0.3936691902578985,-0.6923598268145722,-0.3535346136984597,0.49058957211040854
8.26,-0.43124727894843007,-0.6650876142586026,-0.3904750880475656,0.46820611668855805
8.27,-0.46706717125808295,-0.6352195662107168,-0.4258627353124476,0.44383293597806245
8.28,-0.5009813702992133,-0.6028764994112742,-0.45956059815461825,0.4175705865527672
8.290000000000001,-0.5328479079631797,-0.5681862799187457,-0.49143654378044993,0.3895252790526193
8.3,-0.5625355553966035,-0.5312886986792023,-0.5213678310975053,0.35981276011271135
8.31,-0.5899193145413597,-0.49232970974340806,-0.5492371766346889,0.3285536905069023
8.32,-0.6148863746974841,-0.45146581068385594,-0.5749379902587103,0.295877103833947
8.33,-0.6373307637750186,-0.40885873296400366,-0.5983696904039688,0.26191617223720254
8.34,-0.6571599318394697,-0.36467915070992174,-0.6194435057289032,0.2268110979888289
8.35,-0.6742886881666025,-0.319102006552329,-0.6380771485833635,0.19070541625955967
8.36,-0.6886462505294931,-0.2723094019006135,-0.6542010424149998,0.15374820092142202
8.370000000000001,-0.7001693877189084,-0.2244866427427213,-0.6677522798665424,0.1160909779352622
8.38,-0.7088109313851945,-0.17582451788674233,-0.6786821611037273,0.07788938862119696
8.39,-0.7145303944763737,-0.12651569486924402,-0.6869479019690501,0.03930045446459356
8.4,-0.717304051070652,-0.0767562889022993,-0.6925215805157332,0.00048361305200091305
8.41,-0.7171162321313838,-0.026743582606196477,-0.695382427226959,-0.03840094176814206
8.42,-0.7139661530555476,0.02332410997855596,-0.6955229069178316,-0.07719255110102312
8.43,-0.7078637416532615,0.07324830527020677,-0.6929450204262975,-0.11573069613784413
8.44,-0.6988309000164122,0.12283128945825456,-0.6876614470666198,-0.15385581028311837
8.45,-0.6869030832681164,0.17187694575450968,-0.6796969682784176,-0.19141000743477332
8.46,-0.6721246998515391,0.22019092710580135,-0.6690843760648117,-0.2282371054024972
8.47,-0.654555819148218,0.2675829200131191,-0.6558704966736889,-0.2641846825266163
8.48,-0.6342632132247725,0.31386485511548456,-0.6401081751868735,-0.29910235724427636
8.49,-0.6113299011729513,0.3588552682385133,-0.6218648764840042,-0.3328456635445098
8.5,-0.5858447879607144,0.40237555051102,-0.6012133737968302,-0.3652726634713213
8.51,-0.5579116910604446,0.44425561672993874,-0.5782399258299327,-0.39624889858398366
8.52,-0.52764092949053,0.48432963837745285,-0.5530366858730181,-0.4256436217734089
8.53,-0.49515494091793,0.5224410672665495,-0.5257068345974102,-0.4533341257323758
8.540000000000001,-0.4605838478662496,0.5584398921537076,-0.496360565189841,-0.47920334503436646
8.55,-0.42406651987380173,0.5921848611102277,-0.46511609397188725,-0.5031417356344475
8.56,-0.385752096931539,0.6235464536006977,-0.4321011048562823,-0.525049791135551
8.57,-0.34579254859783415,0.6523986624756828,-0.3974458989299564,-0.5448310051597294
8.58,-0.3043514477257169,0.6786325518178116,-0.36129160119539505,-0.5624033949592722
8.59,-0.2615961338164726,0.7021458317508155,-0.32378288814539047,-0.5776906134192279
8.6,-0.21769877782737737,0.7228455658811568,-0.28506902070655765,-0.5906242330612583
8.61,-0.17283900362201626,0.7406565230653975,-0.2453064489784044,-0.601150774917023
8.620000000000001,-0.12719765153156265,0.7555069516625181,-0.2046528172931526,-0.609219691578187
8.63,-0.08096063756974244,0.7673428616313674,-0.1632708726427277,-0.6147953705085604
8.64,-0.03431624594935202,0.7761218307519434,-0.12132586336689699,-0.6178519016674666
8.65,0.012546137177192329,0.7818081284515619,-0.07898424961945215,-0.618368980685097
8.66,0.05943533133772036,0.7843873007778361,-0.036414851120573286,-0.6163440804153931
8.67,0.10616010159400135,0.7838498046561228,0.006213282283305213,-0.611778767235659
8.68,0.1525297081827126,0.7802009874581007,0.048730978387930925,-0.6046870007112145
8.69,0.19835513319102,0.7734622852905856,0.09096996668460992,-0.5950960969231094
8.700000000000001,0.24344803112701885,0.7636594587090336,0.1327624018980882,-0.5830369561738754
8.71,0.28762473914141967,0.7508389193396897,0.1739437471476692,-0.5685575496011575
8.72,0.3307039510380586,0.7350546842543638,0.21435123315162324,-0.5517121160373023
8.73,0.3725078937520866,0.7163708391425189,0.2538247894000127,-0.532563178956027
8.74,0.41286672115442596,0.6948695795194072,0.2922105618266446,-0.511188111751293
8.75,0.45161230738586544,0.670636464958646,0.3293560660258571,-0.4876670384735253
8.76,0.48858597658578945,0.6437732549507464,0.3651164213046596,-0.46209328818699896
8.77,0.5236359359842608,0.6143917299805397,0.3993523477933514,-0.43456832237964743
8.78,0.5566144449557228,0.5826091178673342,0.4319278789240097,-0.4051980126391696
8.790000000000001,0.5873879875475997,0.5485589786180627,0.4627187743389574,-0.37410137624509643
8.8,0.6158266130401342,0.5123784152264796,0.4916037515960601,-0.3414002647294986
8.81,0.6418113707465146,0.4742145538044139,0.5184706848698064,-0.307224512365716
8.82,0.6652361795820809,0.43422463987562354,0.5432182146875587,-0.27171194444719404
8.83,0.6859984916513109,0.3925684333921001,0.5657479462368593,-0.23500235913154
8.84,0.7040137368404072,0.34941672190583817,0.5859766269511472,-0.19724410581943083
8.85,0.7192045011191386,0.30494394841263306,0.6038270555618004,-0.1585883201043517
8.86,0.7315028575505106,0.25932896293711405,0.6192300675377916,-0.11918946137998723
8.870000000000001,0.7408592720258225,0.21275750674168023,0.6321321323895884,-0.0792070376196396
8.88,0.7472277853030913,0.16541641356412834,0.64248276623935,-0.03880132988242711
8.89,0.7505802666215732,0.11749688475260173,0.6502467138430215,0.0018644415855495339
8.9,0.7509004866852883,0.0691920946952871,0.6553989160475985,0.04262589303320788
8.91,0.748178717656235,0.02069603525889928,0.657919891918427,0.08331822546848709
8.92,0.7424264030364127,-0.02779634227321124,0.6578083804407965,0.12377673578657931
8.93,0.7336599546448559,-0.07609023637091926,0.6550674083712176,0.1638370619786101
8.94,0.7219101177700511,-0.12399192307092988,0.6497123939211001,0.20333637676545485
8.950000000000001,0.7072235079237639,-0.17131009548016066,0.6417725156445948,0.24211459662728224
8.96,0.6896508295977604,-0.21785428294637268,0.6312805044157952,0.28001252683441913
8.97,0.6692624806087583,-0.26343953038215273,0.6182862506483108,0.31687652814601214
8.98,0.6461362900908209,-0.30788363696899435,0.6028461427815048,0.35255563384445415
8.99,0.6203593579860677,-0.3510082584068068,0.5850246902998685,0.3869025716439079
9.,0.592035852717801,-0.39264381879047866,0.5649014132140061,0.4197783038092427
9.01,0.5612730753438561,-0.43262261951631886,0.542558595769384,0.45104553384567575
9.02,0.5281930278040767,-0.4707869858964855,0.5180915393029016,0.4805761824951318
9.03,0.49292699406850127,-0.5069867131814267,0.4916038059728975,0.5082489726007826
9.040000000000001,0.4556110087726469,-0.54107575152174,0.4632031980147245,0.5339463938122682
9.05,0.41639557981655684,-0.5729229927381458,0.43301052298167525,0.557564382201902
9.06,0.3754343750959588,-0.6024011472040001,0.40114944907369837,0.5790022895146794
9.07,0.3328895063951012,-0.62939413763805,0.3677513284588118,0.5981694661089018
9.08,0.28893168133452724,-0.6537993700585373,0.33295541770614573,0.6149872290673616
9.09,0.2437336266937863,-0.6755178122335083,0.29690284553843044,0.6293800471853617
9.1,0.19747677970860358,-0.6944687542832525,0.25974293863417997,0.6412885441689821
9.11,0.15034541771385912,-0.7105789970493228,0.22162775950283517,0.6506599403883614
9.120000000000001,0.1025269592944057,-0.7237847494818264,0.18271244201516512,0.6574497049170691
9.13,0.05421346397739149,-0.7340410136216395,0.14315686245874515,0.6616297292255605
9.14,0.005597642249527204,-0.7413064279848406,0.10312160390042882,0.663175074127503
9.15,-0.0431256574921239,-0.7455573805379311,0.06276981671428218,0.6620762363849092
9.16,-0.09176106830144265,-0.7467824639618051,0.022265608169952086,0.65833429590818
9.17,-0.14011320784309578,-0.744976585293886,-0.018226634469243358,0.6519557997256833
9.18,-0.18798834116518265,-0.7401558068280089,-0.05854302383019895,0.6429655581175227
9.19,-0.2351935183037845,-0.732341266573164,-0.09852012260538916,0.6313927508942657
9.200000000000001,-0.28153857754664313,-0.7215680594237853,-0.13799626247573965,0.6172785532186544
9.21,-0.326837793366778,-0.7078871897862996,-0.17681285265385527,0.6006777747020757
9.22,-0.37090675634712944,-0.691353609432148,-0.21481224798110904,0.5816486011183744
9.23,-0.41356896542496463,-0.6720415021408394,-0.251842667333519,0.560265620824964
9.24,-0.45465170223760343,-0.6500325282434184,-0.2877552047141237,0.5366097767979108
9.25,-0.4939871281969751,-0.6254171599455666,-0.32240469671631444,0.5107694883771323
9.26,-0.5314183986909143,-0.598302573159532,-0.3556545354966866,0.48284729236368396
9.27,-0.5667909607923226,-0.5687989939159985,-0.38736991384430713,0.45294829457331276
9.28,-0.599962008374685,-0.537030637714926,-0.4174253152565746,0.4211893440175177
9.290000000000001,-0.6307975798369782,-0.5031308003172229,-0.44570227286976744,0.38769487301724787
9.3,-0.6591683363333407,-0.46723717193289316,-0.47208601783959786,0.35259297299197245
9.31,-0.684961793465563,-0.42950116862512344,-0.4964753449184684,0.3160230852958062
9.32,-0.7080698261046181,-0.39007725481610583,-0.518772574846317,0.27812715191717474
9.33,-0.7283964274074214,-0.34912763468680524,-0.5388898547530206,0.23905342875667054
9.34,-0.7458604682630046,-0.3068225615045687,-0.5567514437336066,0.19895666170984597
9.35,-0.7603845905566146,-0.2633340958827326,-0.572284678818693,0.1579930396796741
9.36,-0.7719109150923126,-0.21884209223004306,-0.5854328427319652,0.116324863469082
9.370000000000001,-0.7803897389224869,-0.17352896777815485,-0.596145933218306,0.07411638296481614
9.38,-0.7857810095006065,-0.1275797781075384,-0.6043818854496414,0.0315338120218038
9.39,-0.7880644359749969,-0.08118340005273665,-0.610114933669874,-0.011253992742043889
9.4,-0.7872235267691461,-0.03452920086932165,-0.6133224528552003,-0.05407787937560811
9.41,-0.7832598400550942,0.012192103978480778,-0.6139967649084718,-0.0967681516826405
9.42,-0.7761876586354329,0.05878979615758356,-0.6121407541562347,-0.1391555582798102
9.43,-0.7660274880509049,0.10507340028200267,-0.6077624769469971,-0.18107127877101387
9.44,-0.7528211723629475,0.15085494584647233,-0.6008877666081547,-0.2223494370748958
9.450000000000001,-0.7366157705822501,0.19594747731391138,-0.5915468111277363,-0.2628252297541093
9.46,-0.7174719589325532,0.24016729858489932,-0.5797811839387177,-0.30233718994664105
9.47,-0.6954663173172283,0.28333580507286693,-0.5656457860300962,-0.3407288778572657
9.48,-0.6706792186599654,0.3252758246216066,-0.549198702287672,-0.37784524421486765
9.49,-0.6432096090226318,0.3658186957451831,-0.5305136418949387,-0.4135393701643579
9.5,-0.6131638285926966,0.4047998913307622,-0.5096705511934218,-0.44766823209329754
9.51,-0.5806564240475951,0.4420598979548066,-0.48675630862635005,-0.4800935050308243
9.52,-0.5458178471453482,0.4774507517930814,-0.4618712685785143,-0.5106875925634541
9.53,-0.5087814266801334,0.5108268843015715,-0.43511822990990767,-0.539325109598571
9.540000000000001,-0.46969328144559364,0.5420546515490313,-0.4066108867613934,-0.5658916348296361
9.55,-0.42870798131368215,0.5710096211253847,-0.37647016184284215,-0.5902811737209085
9.56,-0.3859839425692349,0.597571918883342,-0.3448202759793319,-0.6123918914236314
9.57,-0.34169172722629726,0.6216387052636893,-0.31179592306477255,-0.6321374376460225
9.58,-0.2960045986220915,0.6431116459361303,-0.2775341421898716,-0.6494355432327105
9.59,-0.24910225751098708,0.6619043085094228,-0.2421775874506589,-0.6642147030341596
9.6,-0.20117107315084617,0.6779452874634382,-0.2058747901788001,-0.6764169660615705
9.61,-0.15239881608733347,0.6911668548670692,-0.1687755283387702,-0.6859876924740442
9.620000000000001,-0.1029790404571944,0.7015204263701986,-0.13103481584495708,-0.6928894463524407
9.63,-0.0531070724788634,0.7089656931638557,-0.09280932584096394,-0.6970922128603355
9.64,-0.002979835415306664,0.7134715727842651,-0.05425726731244512,-0.6985742428223732
9.65,0.047203992062909685,0.7150264428788574,-0.01553875211125818,-0.6973311902885876
9.66,0.09724564735391343,0.7136224201001928,0.023185952351960068,-0.6933620480430662
9.67,0.14694695336594926,0.7092689248911976,0.06175666382411954,-0.6866812447671832
9.68,0.19611114523171708,0.7019879323003448,0.10001407841126835,-0.6773143923945546
9.69,0.24454235886679046,0.6918072356238605,0.1377995031009766,-0.6652922813133652
9.700000000000001,0.29204962030308335,0.6787751129089857,0.1749578134594205,-0.6506639105856519
9.71,0.3384436120274503,0.6629449641554602,0.2113351353273667,-0.6334828259829438
9.72,0.3835397430165436,0.6443829030547293,0.24678120415161375,-0.6138138515795527
9.73,0.4271604650760557,0.6231703072826147,0.2811512151386823,-0.5917353360260523
9.74,0.4691300802924545,0.599392068037329,0.31430180906936483,-0.5673287381950083
9.75,0.509283570966431,0.5731503900092434,0.34609803207726636,-0.5406908279069349
9.76,0.5474611066815283,0.5445545623113308,0.3764090404201308,-0.5119246317527449
9.77,0.5835087326469777,0.5137212910032262,0.40510865833443577,-0.4811397223584777
9.78,0.617286182913484,0.48078203374771994,0.4320816339692655,-0.44845867426448194
9.790000000000001,0.6486559988008407,0.44587090525501744,0.45721496305166187,-0.41400640078885675
9.8,0.6774941982821572,0.4091334797616432,0.4804064528153447,-0.377917891401192
9.81,0.7036874079303469,0.370723071786758,0.5015624431178788,-0.34033492954815836
9.82,0.7271272104711133,0.33079631790504405,0.5205932653981442,-0.30140221127837163
9.83,0.7477240597929842,0.28952050823116987,0.5374244783966934,-0.26127375112148415
9.84,0.7653934923780316,0.24706531880042693,0.5519857492970764,-0.22010564415303874
9.85,0.7800637648385959,0.20360577517740527,0.5642170351236255,-0.17805864059833848
9.86,0.791679586619069,0.15932244855207012,0.5740716186094471,-0.13529829292119852
9.870000000000001,0.800189551264621,0.11439700387106796,0.5815059312319565,-0.09199109608038346
9.88,0.8055625358320339,0.06901542111808126,0.586492859349911,-0.048307227665406585
9.89,0.8077764184831508,0.023364887158226835,0.5890125977617049,-0.004417871355405376
9.9,0.806818541827218,-0.022366494168398754,0.5890530288424538,0.039505043715707865
9.91,0.802696753366014,-0.06799019475572937,0.5866186992361758,0.08328935998838066
9.92,0.7954228362463263,-0.11331785600282358,0.5817173557934895,0.12676309871869543
9.93,0.7850262517486775,-0.15816279967536404,0.5743711221706775,0.16975590077970157
9.94,0.7715496292496439,-0.2023405801104124,0.564612833758577,0.2120994846721193
9.950000000000001,0.7550413766080962,-0.24566796952543762,0.5524800274471717,0.2536266921008113
9.96,0.7355707311922394,-0.28796781034677027,0.5380271869445498,0.29417590771123353
9.97,0.7132124812379117,-0.3290650763992017,0.5213133120981099,0.3335874501138878
9.98,0.6880541989077468,-0.36879018835672533,0.5024078025440599,0.37170657108292426
9.99,0.6601956295241861,-0.4069795705225308,0.4813899590904945,0.4083839472964549
10.,0.6297465882755391,-0.4434757038374388,0.45834726931940833,0.4434757144974385
